Enrichment Analysis Results for Clusters Using KEGG Database in clusterProfiler,,,,,,,,,,
,ID,Description,GeneRatio,BgRatio,pvalue,p.adjust,qvalue,geneID,Count,cluster
hsa04141,hsa04141,Protein processing in endoplasmic reticulum,39/479,171/8227,6.62E-14,2.05E-11,1.67E-11,HSPA8 / BCAP31 / HSP90B1 / DDOST / CANX / P4HB / LMAN2 / SSR2 / UBE2D3 / DNAJC3 / SEC61B / CALR / UBE2D2 / HSPH1 / DNAJB1 / ERP29 / RPN1 / BAG1 / SSR1 / DNAJB11 / DERL1 / CAPN1 / CAPN2 / PDIA4 / RAD23A / HERPUD1 / RAD23B / BAX / NSFL1C / RNF5 / UBE2J1 / EIF2AK1 / GANAB / STUB1 / UBQLN1 / UBE2J2 / UBE2D1 / DERL2 / SEC61A1,39,1
hsa05120,hsa05120,Epithelial cell signaling in Helicobacter pylori infection,18/479,70/8227,5.92E-08,9.14E-06,7.47E-06,CXCL1 / CXCL3 / RAC1 / CXCL2 / CXCL8 / ATP6V0B / ATP6V0E1 / CDC42 / NFKBIA / F11R / ATP6V1G1 / ATP6AP1 / MET / MAPK13 / ATP6V1F / ATP6V1H / TJP1 / LYN,18,1
hsa05130,hsa05130,Pathogenic Escherichia coli infection,31/479,197/8227,3.19E-07,3.28E-05,2.68E-05,ACTG1 / RAC1 / CXCL8 / CLDN7 / ARPC2 / EZR / TMED10 / CDC42 / NFKBIA / RAB1A / ARPC5L / CLDN3 / BRK1 / WASF2 / CLDN1 / ARF6 / SLC9A3R1 / BAX / TUBA1C / MAPK13 / IL18 / CTTN / TJP1 / ABI1 / TNFRSF1A / ARHGEF12 / WIPF2 / MYH9 / MAPK1 / MYO1B / CASP7,31,1
hsa04520,hsa04520,Adherens junction,15/479,71/8227,1.07E-05,0.000824686,0.000674245,ACTG1 / RAC1 / CDC42 / ACP1 / CDH1 / CTNNA1 / CSNK2B / WASF2 / MET / TGFBR2 / CSNK2A1 / IQGAP1 / TJP1 / SMAD3 / MAPK1,15,1
hsa05132,hsa05132,Salmonella infection,32/479,249/8227,1.79E-05,0.001083853,0.000886134,ACTG1 / RAC1 / CXCL8 / ARPC2 / HSP90B1 / RAB7A / RALA / PFN1 / DYNLL1 / CDC42 / MYC / NFKBIA / DYNLT1 / ARPC5L / RAB5C / BRK1 / ARF6 / BAX / TUBA1C / MAPK13 / RIPK2 / IL18 / M6PR / PODXL / DCTN2 / MAP2K3 / ABI1 / TNFRSF1A / MAP2K1 / KPNA4 / MAPK1 / CASP7,32,1
hsa05110,hsa05110,Vibrio cholerae infection,12/479,50/8227,2.10E-05,0.001083853,0.000886134,ACTG1 / ATP6V0B / ATP6V0E1 / KDELR2 / SEC61B / ATP6V1G1 / ATP6AP1 / PDIA4 / ATP6V1F / ATP6V1H / TJP1 / SEC61A1,12,1
hsa05100,hsa05100,Bacterial invasion of epithelial cells,15/479,77/8227,2.98E-05,0.001315075,0.001075176,ACTG1 / RAC1 / ARPC2 / CDC42 / CLTA / ARPC5L / CDH1 / CTNNA1 / WASF2 / CAV2 / MET / CLTC / CTTN / CRK / PXN,15,1
hsa04120,hsa04120,Ubiquitin mediated proteolysis,21/479,142/8227,6.72E-05,0.002419971,0.001978515,UBE2I / UBE2R2 / RNF7 / UBE2D3 / UBE2D2 / UBE2B / ANAPC16 / UBE2H / UBE2E3 / UBE2J1 / CUL4A / STUB1 / UBA2 / UBE2J2 / XIAP / DDB1 / CDC34 / UBE2D1 / CUL3 / RCHY1 / UBE3A,21,1
hsa04142,hsa04142,Lysosome,20/479,132/8227,7.05E-05,0.002419971,0.001978515,CD63 / ATP6V0B / NCOA7 / CD164 / LAPTM4B / CLTA / AP1S1 / HEXB / LITAF / CTSH / ATP6AP1 / AP1M2 / SCARB2 / LAMP2 / CLTC / M6PR / HYAL2 / ATP6V1H / AP3S1 / TPP1,20,1
hsa04145,hsa04145,Phagosome,21/479,152/8227,0.000181182,0.005598524,0.00457723,ACTG1 / RAC1 / ATP6V0B / ATP6V0E1 / RAB7A / HLA-E / CANX / TAP1 / SEC61B / ATP6V1G1 / CALR / RAB5C / ATP6AP1 / TUBA1C / LAMP2 / ATP6V1F / M6PR / ATP6V1H / ITGB5 / SEC61A1 / SCARB1,21,1
hsa03060,hsa03060,Protein export,7/479,23/8227,0.000234967,0.006600447,0.00539638,SPCS2 / SRP72 / SEC11A / SEC61B / SRP19 / SRPRB / SEC61A1,7,1
hsa05135,hsa05135,Yersinia infection,19/479,137/8227,0.000346505,0.008922514,0.007294851,ACTG1 / RAC1 / CXCL8 / ARPC2 / CDC42 / NFKBIA / ARPC5L / WASF2 / ARF6 / MAPK13 / IL18 / MAP2K3 / MAP2K1 / ARHGEF12 / WIPF2 / CRK / PXN / GNAQ / MAPK1,19,1
hsa04216,hsa04216,Ferroptosis,9/479,41/8227,0.000468506,0.011136032,0.009104574,VDAC2 / SLC3A2 / ACSL5 / PCBP1 / PRNP / PCBP2 / SLC40A1 / GCLM / GCLC,9,1
hsa05131,hsa05131,Shigellosis,28/479,247/8227,0.000511624,0.011292281,0.009232319,ACTG1 / RAC1 / CXCL8 / ARPC2 / BCL2L1 / PFN1 / CDC42 / NFKBIA / UBE2D3 / ARPC5L / UBE2D2 / WASF2 / CAPN1 / CAPN2 / ARF6 / BAX / MAPK13 / RIPK2 / IL18 / FOXO3 / WIPI2 / CTTN / UBE2D1 / TNFRSF1A / CRK / ATG12 / PXN / MAPK1,28,1
hsa00100,hsa00100,Steroid biosynthesis,6/479,20/8227,0.000725576,0.014482602,0.011840656,FDFT1 / EBP / DHCR7 / DHCR24 / SC5D / NSDHL,6,1
hsa05160,hsa05160,Hepatitis C,20/479,157/8227,0.000749908,0.014482602,0.011840656,CLDN7 / YWHAZ / MYC / NFKBIA / BID / YWHAH / CLDN3 / CDK4 / CLDN1 / PPP2CA / BAX / YWHAG / EIF2AK1 / JAK1 / STAT1 / TNFRSF1A / OAS3 / MAP2K1 / SCARB1 / MAPK1,20,1
hsa05170,hsa05170,Human immunodeficiency virus 1 infection,24/479,212/8227,0.001287279,0.020893697,0.017082225,RAC1 / BCL2L1 / HLA-E / RNF7 / NFKBIA / AP1S1 / TAP1 / CALR / BID / GNB2 / GNAI2 / GNB1 / AP1M2 / BAX / MAPK13 / MAP2K3 / CUL4A / DDB1 / TNFRSF1A / MAP2K1 / CRK / PXN / GNAQ / MAPK1,24,1
hsa05163,hsa05163,Human cytomegalovirus infection,25/479,225/8227,0.001342867,0.020893697,0.017082225,RAC1 / CXCL8 / HLA-E / RHEB / MYC / NFKBIA / TAP1 / CALR / BID / GNB2 / CDK4 / GNAI2 / GNB1 / BAX / MAPK13 / JAK1 / CREB3L2 / TNFRSF1A / MAP2K1 / ARHGEF12 / CREB3 / CRK / PXN / GNAQ / MAPK1,25,1
hsa05212,hsa05212,Pancreatic cancer,12/479,76/8227,0.001352343,0.020893697,0.017082225,RAC1 / BCL2L1 / RALA / CDC42 / CDK4 / BAX / TGFBR2 / JAK1 / STAT1 / MAP2K1 / SMAD3 / MAPK1,12,1
hsa05220,hsa05220,Chronic myeloid leukemia,12/479,76/8227,0.001352343,0.020893697,0.017082225,BCL2L1 / MYC / NFKBIA / HDAC2 / CDK4 / BAX / TGFBR2 / CTBP2 / MAP2K1 / CRK / SMAD3 / MAPK1,12,1
hsa04144,hsa04144,Endocytosis,27/479,251/8227,0.001423407,0.020944416,0.017123692,ARPC2 / HSPA8 / RAB7A / HLA-E / CHMP4B / CDC42 / CLTA / CAPZB / ARF4 / SNX3 / ARPC5L / RAB5C / ARF5 / RAB10 / SPG21 / CAV2 / ARF6 / CLTC / RAB4A / RAB11FIP1 / TGFBR2 / PDCD6IP / SNX5 / SMAP1 / WIPF2 / SMAD3 / DAB2,27,1
hsa05010,hsa05010,Alzheimer disease,37/479,384/8227,0.001605963,0.021867561,0.017878435,RTN4 / NDUFB9 / VDAC2 / NDUFC2 / UQCRFS1 / PSMB7 / PSMB5 / APP / SLC39A1 / APH1A / BACE2 / COX7A2L / BID / NDUFA9 / HSD17B10 / PSMA1 / UQCRH / CSNK2B / CAPN1 / CAPN2 / ATG101 / TUBA1C / COX4I1 / NOX1 / RB1CC1 / WIPI2 / NDUFA10 / CSNK2A1 / PSENEN / SLC39A6 / TNFRSF1A / MAP2K1 / SLC39A9 / GNAQ / MAPK1 / CDK5 / CASP7,37,1
hsa00900,hsa00900,Terpenoid backbone biosynthesis,6/479,23/8227,0.001627683,0.021867561,0.017878435,FNTA / HMGCR / ICMT / PMVK / RCE1 / NUS1,6,1
hsa04530,hsa04530,Tight junction,20/479,169/8227,0.001876593,0.024161135,0.019753611,ACTG1 / RAC1 / CLDN7 / ARPC2 / EZR / CDC42 / F11R / ARPC5L / CLDN3 / CDK4 / CRB3 / VASP / CLDN1 / PPP2CA / SLC9A3R1 / TUBA1C / AMOTL2 / CTTN / TJP1 / MYH9,20,1
hsa05022,hsa05022,Pathways of neurodegeneration - multiple diseases,43/479,476/8227,0.002447548,0.03025169,0.024733114,RAC1 / NDUFB9 / VDAC2 / BCL2L1 / PARK7 / NDUFC2 / UQCRFS1 / PSMB7 / PSMB5 / APP / RAB1A / COX7A2L / BID / NDUFA9 / HSD17B10 / PSMA1 / DERL1 / UQCRH / CSNK2B / CAPN1 / CAPN2 / PRNP / BAX / ATG101 / TUBA1C / COX4I1 / MAPK13 / IFT57 / NOX1 / UBE2J1 / DCTN2 / MAP2K3 / RB1CC1 / WIPI2 / NDUFA10 / UBE2J2 / CSNK2A1 / TNFRSF1A / MAP2K1 / GNAQ / MAPK1 / CDK5 / CASP7,43,1
hsa04115,hsa04115,p53 signaling pathway,11/479,73/8227,0.003100467,0.036847853,0.030125991,PERP / BCL2L1 / EI24 / SERPINB5 / BID / CDK4 / BAX / SHISA5 / SIVA1 / AIFM2 / RCHY1,11,1
hsa05016,hsa05016,Huntington disease,30/479,306/8227,0.003360142,0.038454957,0.031439924,NDUFB9 / VDAC2 / NDUFC2 / UQCRFS1 / PSMB7 / PSMB5 / CLTA / HDAC2 / COX7A2L / NDUFA9 / PSMA1 / UQCRH / POLR2E / POLR2F / BAX / ATG101 / TUBA1C / COX4I1 / CLTC / IFT57 / DCTN2 / RB1CC1 / WIPI2 / NDUFA10 / REST / POLR2H / CREB3L2 / TBPL1 / CREB3 / GNAQ,30,1
hsa04932,hsa04932,Non-alcoholic fatty liver disease,18/479,155/8227,0.003813165,0.041756227,0.034138969,RAC1 / CXCL8 / NDUFB9 / NDUFC2 / UQCRFS1 / CDC42 / COX7A2L / BID / NDUFA9 / ADIPOR1 / UQCRH / BAX / COX4I1 / MAPK13 / NDUFA10 / ADIPOR2 / TNFRSF1A / CASP7,18,1
hsa04666,hsa04666,Fc gamma R-mediated phagocytosis,13/479,97/8227,0.003918869,0.041756227,0.034138969,RAC1 / ARPC2 / PLPP2 / CDC42 / ARPC5L / MARCKSL1 / VASP / WASF2 / ARF6 / LYN / MAP2K1 / CRK / MAPK1,13,1
hsa05167,hsa05167,Kaposi sarcoma-associated herpesvirus infection,21/479,194/8227,0.004324573,0.044543103,0.036417457,CXCL1 / CXCL3 / RAC1 / CXCL2 / CXCL8 / HLA-E / MYC / NFKBIA / BID / GNB2 / CDK4 / GNB1 / BAX / MAPK13 / JAK1 / LYN / STAT1 / TNFRSF1A / MAP2K1 / MAPKAPK2 / MAPK1,21,1
hsa05134,hsa05134,Legionellosis,9/479,57/8227,0.005262146,0.052451712,0.042883362,CXCL1 / CXCL3 / CXCL2 / CXCL8 / HSPA8 / NFKBIA / RAB1A / IL18 / CASP7,9,1
hsa05161,hsa05161,Hepatitis B,18/479,162/8227,0.006073983,0.058312076,0.047674667,CXCL8 / YWHAZ / MYC / NFKBIA / BID / ATP6AP1 / BAX / MAPK13 / MAP2K3 / TGFBR2 / JAK1 / DDB1 / STAT1 / CREB3L2 / MAP2K1 / CREB3 / SMAD3 / MAPK1,18,1
hsa04668,hsa04668,TNF signaling pathway,14/479,114/8227,0.006227503,0.058312076,0.047674667,CCL20 / CXCL1 / CXCL3 / CXCL2 / NFKBIA / MAPK13 / MAP2K3 / XIAP / CREB3L2 / TNFRSF1A / MAP2K1 / CREB3 / MAPK1 / CASP7,14,1
hsa05323,hsa05323,Rheumatoid arthritis,12/479,93/8227,0.007425052,0.067480618,0.055170664,CCL20 / CXCL1 / CXCL3 / CXCL2 / CXCL8 / ATP6V0B / ATP6V0E1 / ATP6V1G1 / ATP6AP1 / IL18 / ATP6V1F / ATP6V1H,12,1
hsa04062,hsa04062,Chemokine signaling pathway,20/479,192/8227,0.008057304,0.07113448,0.05815798,CCL20 / CXCL1 / CXCL3 / RAC1 / CXCL2 / CXCL8 / CDC42 / NFKBIA / CXCL16 / GNB2 / GNAI2 / GNB1 / FOXO3 / LYN / STAT1 / MAP2K1 / CRK / PXN / GNAQ / MAPK1,20,1
hsa04218,hsa04218,Cellular senescence,17/479,156/8227,0.009113409,0.078223429,0.063953748,CXCL8 / VDAC2 / HLA-E / RHEB / MYC / CDK4 / PPP1CC / CAPN1 / CAPN2 / MAPK13 / MAP2K3 / FOXO3 / TGFBR2 / MAP2K1 / SMAD3 / MAPKAPK2 / MAPK1,17,1
hsa04215,hsa04215,Apoptosis - multiple species,6/479,32/8227,0.00936851,0.078239722,0.06396707,BCL2L1 / BID / BAX / XIAP / TNFRSF1A / CASP7,6,1
hsa05166,hsa05166,Human T-cell leukemia virus 1 infection,22/479,222/8227,0.009924629,0.080592105,0.065890326,SLC2A1 / VDAC2 / BCL2L1 / HLA-E / CANX / MYC / NFKBIA / CALR / CDK4 / ANAPC16 / BAX / TGFBR2 / JAK1 / XIAP / CREB3L2 / TNFRSF1A / BUB3 / MAP2K1 / TBPL1 / CREB3 / SMAD3 / MAPK1,22,1
hsa05165,hsa05165,Human papillomavirus infection,30/479,331/8227,0.010171819,0.080592105,0.065890326,BCAP31 / ATP6V0B / ATP6V0E1 / HLA-E / RHEB / CDC42 / HDAC2 / ATP6V1G1 / CDK4 / CRB3 / ATP6AP1 / PPP2CA / SLC9A3R1 / BAX / LAMA3 / ATP6V1F / ATP6V1H / JAK1 / ITGB5 / ITGB8 / STAT1 / CREB3L2 / TNFRSF1A / MAP2K1 / TBPL1 / CREB3 / PXN / TADA3 / MAPK1 / UBE3A,30,1
hsa00190,hsa00190,Oxidative phosphorylation,15/479,134/8227,0.010954963,0.084627086,0.069189237,PPA1 / NDUFB9 / ATP6V0B / ATP6V0E1 / NDUFC2 / UQCRFS1 / ATP6V1G1 / COX7A2L / NDUFA9 / UQCRH / ATP6AP1 / COX4I1 / ATP6V1F / NDUFA10 / ATP6V1H,15,1
hsa04210,hsa04210,Apoptosis,15/479,136/8227,0.012460293,0.093908061,0.076777158,ACTG1 / BCL2L1 / NFKBIA / BID / CTSH / CAPN1 / CAPN2 / BAX / TUBA1C / XIAP / TNFRSF1A / MAP2K1 / DFFA / MAPK1 / CASP7,15,1
hsa04670,hsa04670,Leukocyte transendothelial migration,13/479,114/8227,0.014892453,0.108766,0.088924681,ACTG1 / RAC1 / CLDN7 / EZR / CDC42 / F11R / CLDN3 / GNAI2 / CTNNA1 / VASP / CLDN1 / MAPK13 / PXN,13,1
hsa05203,hsa05203,Viral carcinogenesis,20/479,204/8227,0.015135722,0.108766,0.088924681,RAC1 / YWHAZ / HLA-E / CDC42 / NFKBIA / HDAC2 / YWHAH / CDK4 / BAX / YWHAG / JAK1 / DDB1 / LYN / CREB3L2 / TBPL1 / CREB3 / PXN / MAPKAPK2 / MAPK1 / UBE3A,20,1
hsa05152,hsa05152,Tuberculosis,18/479,180/8227,0.017108217,0.119100771,0.097374162,ATP6V0B / RAB7A / BID / RAB5C / ATP6AP1 / HSPA9 / BAX / LAMP2 / MAPK13 / RIPK2 / IL18 / ATP6V1H / JAK1 / STAT1 / TNFRSF1A / CEBPG / ARHGEF12 / MAPK1,18,1
hsa04064,hsa04064,NF-kappa B signaling pathway,12/479,104/8227,0.017344773,0.119100771,0.097374162,CXCL1 / CXCL3 / CXCL2 / CXCL8 / BCL2L1 / UBE2I / NFKBIA / CSNK2B / XIAP / CSNK2A1 / LYN / TNFRSF1A,12,1
hsa05230,hsa05230,Central carbon metabolism in cancer,9/479,70/8227,0.019569327,0.131454827,0.107474565,LDHA / SLC2A1 / PGAM1 / IDH2 / MYC / SLC1A5 / MET / MAP2K1 / MAPK1,9,1
hsa04722,hsa04722,Neurotrophin signaling pathway,13/479,119/8227,0.020659013,0.135822021,0.111045087,RAC1 / CDC42 / NFKBIA / BAX / MAPK13 / RIPK2 / FOXO3 / MAGED1 / MAP2K1 / CRK / MAPKAPK2 / MAPK1 / NFKBIE,13,1
hsa04621,hsa04621,NOD-like receptor signaling pathway,18/479,186/8227,0.023092318,0.1486568,0.121538518,CXCL1 / CXCL3 / CXCL2 / CXCL8 / VDAC2 / BCL2L1 / NFKBIA / GABARAPL2 / MAPK13 / RIPK2 / IL18 / TRIP6 / JAK1 / XIAP / STAT1 / OAS3 / ATG12 / MAPK1,18,1
hsa05417,hsa05417,Lipid and atherosclerosis,20/479,215/8227,0.025265526,0.159327501,0.130262647,CXCL1 / CXCL3 / RAC1 / CXCL2 / CXCL8 / HSPA8 / HSP90B1 / BCL2L1 / CDC42 / NFKBIA / BID / BAX / MAPK13 / IL18 / NOX1 / MAP2K3 / LYN / TNFRSF1A / MAPK1 / CASP7,20,1
hsa04510,hsa04510,Focal adhesion,19/479,203/8227,0.027170969,0.163053784,0.133309174,ACTG1 / RAC1 / EMP1 / CDC42 / PPP1CC / VASP / CAPN2 / CAV2 / MET / EMP2 / LAMA3 / XIAP / ZYX / ITGB5 / ITGB8 / MAP2K1 / CRK / PXN / MAPK1,19,1
hsa00270,hsa00270,Cysteine and methionine metabolism,7/479,51/8227,0.027214542,0.163053784,0.133309174,LDHA / MDH2 / SMS / GOT2 / GCLM / MTAP / GCLC,7,1
hsa00020,hsa00020,Citrate cycle (TCA cycle),5/479,30/8227,0.02791108,0.163053784,0.133309174,MDH2 / IDH2 / IDH3B / ACLY / SUCLG2,5,1
hsa05020,hsa05020,Prion disease,24/479,273/8227,0.027967154,0.163053784,0.133309174,RAC1 / NDUFB9 / HSPA8 / VDAC2 / NDUFC2 / UQCRFS1 / PSMB7 / PSMB5 / COX7A2L / NDUFA9 / PSMA1 / UQCRH / CSNK2B / PRNP / CAV2 / BAX / TUBA1C / COX4I1 / MAPK13 / NDUFA10 / CSNK2A1 / CREB3L2 / CREB3 / MAPK1,24,1
hsa05145,hsa05145,Toxoplasmosis,12/479,112/8227,0.029249298,0.164670306,0.134630807,HSPA8 / BCL2L1 / NFKBIA / GNAI2 / LAMA3 / MAPK13 / MAP2K3 / JAK1 / XIAP / STAT1 / TNFRSF1A / MAPK1,12,1
hsa05205,hsa05205,Proteoglycans in cancer,19/479,205/8227,0.029684964,0.164670306,0.134630807,ACTG1 / CD63 / RAC1 / EZR / CDC42 / MYC / SDC4 / SDC1 / PPP1CC / CAV2 / MET / MAPK13 / CTTN / IQGAP1 / ITGB5 / MAP2K1 / ARHGEF12 / PXN / MAPK1,19,1
hsa05219,hsa05219,Bladder cancer,6/479,41/8227,0.029965281,0.164670306,0.134630807,CXCL8 / MYC / CDH1 / CDK4 / MAP2K1 / MAPK1,6,1
hsa04933,hsa04933,AGE-RAGE signaling pathway in diabetic complications,11/479,100/8227,0.030376076,0.164670306,0.134630807,RAC1 / CXCL8 / CDC42 / CDK4 / BAX / MAPK13 / NOX1 / TGFBR2 / STAT1 / SMAD3 / MAPK1,11,1
hsa05162,hsa05162,Measles,14/479,139/8227,0.031299097,0.166748638,0.136330006,HSPA8 / BCL2L1 / NFKBIA / BID / CDK4 / CD46 / CSNK2B / BAX / EIF2AK1 / JAK1 / CSNK2A1 / STAT1 / OAS3 / RCHY1,14,1
hsa04211,hsa04211,Longevity regulating pathway,10/479,89/8227,0.033425016,0.172138834,0.140736911,RHEB / ADIPOR1 / BAX / ATG101 / EIF4E2 / FOXO3 / RB1CC1 / ADIPOR2 / CREB3L2 / CREB3,10,1
hsa05235,hsa05235,PD-L1 expression and PD-1 checkpoint pathway in cancer,10/479,89/8227,0.033425016,0.172138834,0.140736911,NFKBIA / CSNK2B / MAPK13 / MAP2K3 / JAK1 / CSNK2A1 / STAT1 / MAP2K1 / MAPK1 / NFKBIE,10,1
hsa04140,hsa04140,Autophagy - animal,14/479,141/8227,0.034776071,0.176003053,0.143896211,RAB7A / BCL2L1 / RHEB / RAB1A / GABARAPL2 / PPP2CA / ATG101 / LAMP2 / RB1CC1 / WIPI2 / DDIT4 / MAP2K1 / ATG12 / MAPK1,14,1
hsa05208,hsa05208,Chemical carcinogenesis - reactive oxygen species,20/479,223/8227,0.035404321,0.176003053,0.143896211,RAC1 / NDUFB9 / VDAC2 / MGST1 / NDUFC2 / UQCRFS1 / NFKBIA / COX7A2L / ACP1 / NDUFA9 / UQCRH / AKR1A1 / MET / COX4I1 / MAPK13 / NOX1 / FOXO3 / NDUFA10 / MAP2K1 / MAPK1,20,1
hsa04136,hsa04136,Autophagy - other,5/479,32/8227,0.035884118,0.176003053,0.143896211,GABARAPL2 / PPP2CA / ATG101 / WIPI2 / ATG12,5,1
hsa05164,hsa05164,Influenza A,16/479,171/8227,0.040500951,0.195543656,0.159872176,ACTG1 / CXCL8 / NFKBIA / DNAJC3 / BID / CDK4 / DNAJB1 / BAX / IL18 / JAK1 / STAT1 / TMPRSS4 / TNFRSF1A / OAS3 / MAP2K1 / MAPK1,16,1
hsa04810,hsa04810,Regulation of actin cytoskeleton,20/479,229/8227,0.044791278,0.212562831,0.173786678,ACTG1 / RAC1 / ARPC2 / EZR / PFN1 / CDC42 / ARPC5L / PPP1CC / BRK1 / RGCC / WASF2 / IQGAP1 / ITGB5 / ITGB8 / MAP2K1 / ARHGEF12 / CRK / MYH9 / PXN / MAPK1,20,1
hsa04657,hsa04657,IL-17 signaling pathway,10/479,94/8227,0.046074945,0.212562831,0.173786678,CCL20 / CXCL1 / CXCL3 / LCN2 / CXCL2 / CXCL8 / HSP90B1 / NFKBIA / MAPK13 / MAPK1,10,1
hsa00480,hsa00480,Glutathione metabolism,7/479,57/8227,0.046252671,0.212562831,0.173786678,MGST1 / ODC1 / IDH2 / TXNDC12 / SMS / GCLM / GCLC,7,1
hsa05169,hsa05169,Epstein-Barr virus infection,18/479,202/8227,0.046777581,0.212562831,0.173786678,RAC1 / HLA-E / MYC / NFKBIA / TAP1 / HDAC2 / CALR / BID / CDK4 / BAX / MAPK13 / MAP2K3 / JAK1 / CD58 / LYN / STAT1 / OAS3 / NFKBIE,18,1
hsa04919,hsa04919,Thyroid hormone signaling pathway,12/479,121/8227,0.048682478,0.218012837,0.178242483,ACTG1 / SLC2A1 / ATP1B1 / BMP4 / RHEB / ATP1A1 / MYC / HDAC2 / STAT1 / MAP2K1 / MED13 / MAPK1,12,1
hsa049331,hsa04933,AGE-RAGE signaling pathway in diabetic complications,9/225,100/8227,0.001600861,0.278958439,0.27480315,PLCG2 / VEGFA / PLCE1 / STAT3 / PRKCZ / PLCB3 / FN1 / COL1A1 / MAPK9,9,2
hsa007601,hsa00760,Nicotinate and nicotinamide metabolism,5/225,36/8227,0.002761913,0.278958439,0.27480315,SIRT6 / SIRT7 / SIRT2 / NNT / NADK,5,2
hsa052031,hsa05203,Viral carcinogenesis,13/225,204/8227,0.00387902,0.278958439,0.27480315,KAT2A / DDX3X / HDAC10 / HDAC6 / IRF3 / IRF7 / EP300 / CDKN2B / ATF6B / STAT3 / DLG1 / HDAC5 / RASA2,13,2
hsa030151,hsa03015,mRNA surveillance pathway,8/225,97/8227,0.004941702,0.278958439,0.27480315,UPF2 / NXF1 / RNMT / PPP2R2D / PPP2R3C / CSTF3 / CPSF7 / DDX19B,8,2
hsa043301,hsa04330,Notch signaling pathway,6/225,59/8227,0.005263367,0.278958439,0.27480315,HES1 / KAT2A / TLE2 / DVL3 / EP300 / JAG2,6,2
hsa032501,hsa03250,Viral life cycle - HIV-1,6/225,63/8227,0.007253121,0.320346198,0.315574407,KAT2A / CXCR4 / SUPT5H / EP300 / CCNT2 / CPSF7,6,2
hsa040681,hsa04068,FoxO signaling pathway,9/225,131/8227,0.009621998,0.343746206,0.338625856,HOMER1 / PRKAG2 / EP300 / CDKN2B / STAT3 / ATM / KLF2 / FBXO32 / MAPK9,9,2
hsa030401,hsa03040,Spliceosome,10/225,156/8227,0.010377244,0.343746206,0.338625856,SRSF7 / DDX46 / DDX23 / RBM25 / SNRNP27 / EFTUD2 / TRA2B / SNRNP200 / THOC2 / PRPF18,10,2
hsa040621,hsa04062,Chemokine signaling pathway,11/225,192/8227,0.016157658,0.475753258,0.468666566,PLCG2 / CCL3 / CCL4L2 / CCL4 / CXCR4 / STAT3 / PRKCZ / CCL28 / PLCB3 / VAV3 / NFKBIB,11,2
hsa002201,hsa00220,Arginine biosynthesis,3/225,22/8227,0.021180818,0.561291673,0.552930824,GLS / GPT2 / GLUL,3,2
hsa043601,hsa04360,Axon guidance,10/225,182/8227,0.027528937,0.624685226,0.615380084,PLCG2 / CXCR4 / SEMA6A / NGEF / ABL1 / SEMA3B / PRKCZ / RND1 / SSH3 / RASA1,10,2
hsa030131,hsa03013,Nucleocytoplasmic transport,7/225,108/8227,0.028287633,0.624685226,0.615380084,UPF2 / NXF1 / NUP107 / THOC2 / DDX19B / KPNA2 / NUP50,7,2
hsa051611,hsa05161,Hepatitis B,9/225,162/8227,0.033476362,0.682402759,0.672237872,DDX3X / IRF3 / IRF7 / EP300 / ATF6B / STAT3 / APAF1 / HSPG2 / MAPK9,9,2
hsa046221,hsa04622,RIG-I-like receptor signaling pathway,5/225,71/8227,0.04438813,0.728355024,0.717505644,DDX3X / IRF3 / IRF7 / NFKBIB / MAPK9,5,2
hsa051631,hsa05163,Human cytomegalovirus infection,11/225,225/8227,0.044511945,0.728355024,0.717505644,VEGFA / CCL3 / CCL4L2 / CCL4 / CXCR4 / IRF3 / AKAP13 / ATF6B / STAT3 / PLCB3 / B2M,11,2
hsa041411,hsa04141,Protein processing in endoplasmic reticulum,9/225,171/8227,0.044796498,0.728355024,0.717505644,RRBP1 / PPP1R15A / ATF6B / UBXN2A / NGLY1 / SEC23A / ATXN3 / MAPK9 / SEC24C,9,2
hsa049191,hsa04919,Thyroid hormone signaling pathway,7/225,121/8227,0.047798855,0.728355024,0.717505644,PLCG2 / PLCE1 / KAT2A / NCOR1 / EP300 / PLCB3 / MED24,7,2
hsa041442,hsa04144,Endocytosis,27/271,251/8227,4.83E-08,1.35E-05,1.18E-05,HLA-A / HLA-C / HLA-B / ARPC3 / RHOA / ARPC1B / ACTR3 / CAPZA2 / HSPA6 / CLTB / KIF5B / ARPC5 / ARPC1A / TSG101 / CHMP2A / ACTR2 / SH3GLB1 / ARPC4 / CHMP3 / ARFGAP3 / HSPA1A / ARF3 / RAB5A / RAB5B / IL2RG / CYTH2 / MVB12A,27,3
hsa051002,hsa05100,Bacterial invasion of epithelial cells,12/271,77/8227,6.96E-06,0.000858199,0.000754425,ACTB / ARPC3 / RHOA / ARPC1B / ACTR3 / CLTB / ARPC5 / ITGB1 / ARPC1A / ACTR2 / ARPC4 / ILK,12,3
hsa041452,hsa04145,Phagosome,17/271,152/8227,9.63E-06,0.000858199,0.000754425,HLA-A / HLA-C / ACTB / HLA-B / LAMP1 / ITGA2 / ITGB1 / HLA-DRB1 / ATP6V1D / CTSS / VAMP3 / ATP6V1A / DYNC1LI2 / ATP6V1C1 / RAB5A / RAB5B / STX7,17,3
hsa041412,hsa04141,Protein processing in endoplasmic reticulum,18/271,171/8227,1.23E-05,0.000858199,0.000754425,PDIA3 / ERO1A / HSPA6 / DNAJA1 / STT3B / SEC63 / SEC13 / NFE2L2 / CRYAB / OS9 / SEC62 / HSPA1A / XBP1 / EDEM2 / DNAJB2 / STT3A / PREB / WFS1,18,3
hsa051322,hsa05132,Salmonella infection,22/271,249/8227,2.25E-05,0.001257542,0.00110548,ANXA2 / ACTB / ARPC3 / RHOA / ARPC1B / ACTR3 / KIF5B / ARPC5 / ARPC1A / BIRC3 / DYNLRB1 / RAB9A / AHNAK2 / ACTR2 / ARPC4 / ARL8A / DYNC1LI2 / RAB5A / ARL8B / RAB5B / CYTH2 / ACTR1B,22,3
hsa051312,hsa05131,Shigellosis,21/271,247/8227,6.12E-05,0.002847342,0.00250304,ACTB / ARPC3 / RHOA / ARPC1B / ACTR3 / ARPC5 / CAPNS1 / ITGB1 / ARPC1A / MAP1LC3B / ACTR2 / ARPC4 / RRAGC / ILK / TNIP1 / ACTN4 / DIAPH1 / BCL10 / ATG5 / CYTH2 / UBC,21,3
hsa046122,hsa04612,Antigen processing and presentation,10/271,78/8227,0.000221812,0.008840776,0.007771744,HLA-A / HLA-C / PDIA3 / HLA-B / CTSB / HSPA6 / HLA-DRB1 / LGMN / CTSS / HSPA1A,10,3
hsa041422,hsa04142,Lysosome,13/271,132/8227,0.000390978,0.013635357,0.011986562,LAPTM4A / LAMP1 / CTSB / CTSD / CLTB / PSAP / CTSA / ASAH1 / LGMN / CTSS / CLN3 / IDS / SLC11A2,13,3
hsa045302,hsa04530,Tight junction,15/271,169/8227,0.000441339,0.013681503,0.012027128,ACTB / ARPC3 / RHOA / ARPC1B / ACTR3 / ARPC5 / ITGB1 / ARPC1A / OCLN / MYL6 / ACTR2 / ARPC4 / RAP1A / ACTN4 / PPP2CB,15,3
hsa048102,hsa04810,Regulation of actin cytoskeleton,18/271,229/8227,0.000538677,0.015029086,0.01321176,ACTB / CFL1 / ARPC3 / RHOA / ARPC1B / ACTR3 / ITGA2 / ARPC5 / GSN / ITGB1 / ARPC1A / PPP1CB / ITGB4 / ACTR2 / ARPC4 / ACTN4 / DIAPH1 / ITGB6,18,3
hsa045102,hsa04510,Focal adhesion,16/271,203/8227,0.001057861,0.026831213,0.023586767,ACTB / RHOA / ITGA2 / LAMB3 / ITGB1 / PPP1CB / BIRC3 / COL6A1 / LAMC2 / ITGB4 / RAP1A / ILK / ACTN4 / DIAPH1 / ITGB6 / GRB2,16,3
hsa051652,hsa05165,Human papillomavirus infection,21/271,331/8227,0.002968144,0.069009358,0.060664706,HLA-A / HLA-C / HLA-B / PKM / ITGA2 / LAMB3 / ITGB1 / CSNK1A1 / COL6A1 / HDAC1 / LAMC2 / ITGB4 / ATP6V1D / TICAM1 / AXIN2 / ATP6V1A / MX1 / ATP6V1C1 / PPP2CB / ITGB6 / GRB2,21,3
hsa046662,hsa04666,Fc gamma R-mediated phagocytosis,9/271,97/8227,0.004540983,0.097456482,0.085671988,CFL1 / ARPC3 / ARPC1B / ACTR3 / ARPC5 / GSN / ARPC1A / ACTR2 / ARPC4,9,3
hsa051352,hsa05135,Yersinia infection,11/271,137/8227,0.005445326,0.10851756,0.095395554,ACTB / ARPC3 / RHOA / ARPC1B / ACTR3 / ARPC5 / ITGB1 / ARPC1A / ACTR2 / ARPC4 / TICAM1,11,3
hsa009002,hsa00900,Terpenoid backbone biosynthesis,4/271,23/8227,0.006218172,0.115657992,0.10167256,ACAT2 / FDPS / HMGCS1 / IDI1,4,3
hsa050122,hsa05012,Parkinson disease,17/271,266/8227,0.006745463,0.116515005,0.102425943,CALM2 / ADRM1 / NDUFA4 / PSMD8 / KIF5B / PSMA2 / UBE2L3 / SDHC / PSMD13 / COX8A / NFE2L2 / COX6A1 / PSMC6 / UBA1 / XBP1 / SLC11A2 / UBC,17,3
hsa041202,hsa04120,Ubiquitin mediated proteolysis,11/271,142/8227,0.007099481,0.116515005,0.102425943,UBE2L3 / BIRC3 / UBE2F / UBE2A / PRPF19 / UBA1 / CDC16 / UBE2Q1 / UBA3 / UBC / UBE2W,11,3
hsa006001,hsa00600,Sphingolipid metabolism,6/271,53/8227,0.00757145,0.11735748,0.103166545,PSAP / ASAH1 / CERS2 / SGMS2 / SGPL1 / DEGS1,6,3
hsa050142,hsa05014,Amyotrophic lateral sclerosis,21/271,364/8227,0.008727821,0.128161154,0.112663833,ACTB / ADRM1 / NDUFA4 / PSMD8 / KIF5B / PSMA2 / SDHC / SEC13 / PSMD13 / COX8A / HNRNPA3 / MAP1LC3B / COX6A1 / PSMC6 / PPP3CA / TARDBP / ANG / RAB5A / XBP1 / OPTN / ACTR1B,21,3
hsa051452,hsa05145,Toxoplasmosis,9/271,112/8227,0.011410217,0.159172528,0.139925294,HSPA6 / IFNGR1 / LAMB3 / ITGB1 / BIRC3 / LAMC2 / IL10RB / HLA-DRB1 / HSPA1A,9,3
hsa051302,hsa05130,Pathogenic Escherichia coli infection,13/271,197/8227,0.013170445,0.173091482,0.152161159,ACTB / TMBIM6 / ARPC3 / RHOA / ARPC1B / ACTR3 / ARPC5 / ITGB1 / ARPC1A / OCLN / ACTR2 / ARPC4 / CYTH2,13,3
hsa054162,hsa05416,Viral myocarditis,6/271,60/8227,0.013648791,0.173091482,0.152161159,HLA-A / HLA-C / ACTB / HLA-B / CD55 / HLA-DRB1,6,3
hsa049152,hsa04915,Estrogen signaling pathway,10/271,138/8227,0.01556901,0.182395137,0.160339811,CALM2 / KRT17 / TFF1 / CTSD / HSPA6 / KRT20 / KRT16 / FKBP4 / HSPA1A / GRB2,10,3
hsa051522,hsa05152,Tuberculosis,12/271,180/8227,0.015689904,0.182395137,0.160339811,LAMP1 / CALM2 / RHOA / CTSD / IFNGR1 / IL10RB / HLA-DRB1 / CTSS / PPP3CA / RAB5A / RAB5B / BCL10,12,3
hsa030501,hsa03050,Proteasome,5/271,46/8227,0.017013487,0.189870513,0.16691126,ADRM1 / PSMD8 / PSMA2 / PSMD13 / PSMC6,5,3
hsa041402,hsa04140,Autophagy - animal,10/271,141/8227,0.017856294,0.191602989,0.168434244,LAMP1 / CTSB / CTSD / VAMP8 / MAP1LC3B / SH3GLB1 / RRAGC / PPP2CB / ATG5 / VMP1,10,3
hsa006202,hsa00620,Pyruvate metabolism,5/271,47/8227,0.018542225,0.191602989,0.168434244,PKM / ACAT2 / ALDH2 / HAGH / ALDH3A2,5,3
hsa002802,hsa00280,"Valine, leucine and isoleucine degradation",5/271,48/8227,0.020158835,0.200868387,0.176579265,ACAT2 / ALDH2 / HMGCS1 / HIBADH / ALDH3A2,5,3
hsa041302,hsa04130,SNARE interactions in vesicular transport,4/271,33/8227,0.022236933,0.209362367,0.184046148,VAMP8 / VAMP3 / VAMP5 / STX7,4,3
hsa000101,hsa00010,Glycolysis / Gluconeogenesis,6/271,67/8227,0.022512082,0.209362367,0.184046148,PGK1 / PKM / ALDH2 / PFKP / ALDOC / ALDH3A2,6,3
hsa051102,hsa05110,Vibrio cholerae infection,5/271,50/8227,0.023662506,0.212962553,0.187210997,ACTB / ERO1A / ATP6V1D / ATP6V1A / ATP6V1C1,5,3
hsa051642,hsa05164,Influenza A,11/271,171/8227,0.025594465,0.216564613,0.190377494,ACTB / IFNGR1 / FDPS / OAS1 / PRSS3 / HLA-DRB1 / TICAM1 / MX1 / TMPRSS2 / ADAR / XPO1,11,3
hsa045122,hsa04512,ECM-receptor interaction,7/271,88/8227,0.025615169,0.216564613,0.190377494,ITGA2 / LAMB3 / ITGB1 / COL6A1 / LAMC2 / ITGB4 / ITGB6,7,3
hsa045202,hsa04520,Adherens junction,6/271,71/8227,0.029006194,0.235353459,0.206894382,ACTB / LMO7 / RHOA / ACTN4 / CTNND1 / PTPRF,6,3
hsa012402,hsa01240,Biosynthesis of cofactors,10/271,153/8227,0.029524628,0.235353459,0.206894382,NQO1 / GGH / ALDH2 / CMPK1 / RFK / RDH11 / VKORC1 / AK6 / DHRS3 / ALDH3A2,10,3
hsa046702,hsa04670,Leukocyte transendothelial migration,8/271,114/8227,0.034182508,0.26202021,0.230336574,ACTB / RHOA / CD99 / ITGB1 / OCLN / RAP1A / ACTN4 / CTNND1,8,3
hsa053302,hsa05330,Allograft rejection,4/271,38/8227,0.035329444,0.26202021,0.230336574,HLA-A / HLA-C / HLA-B / HLA-DRB1,4,3
hsa012002,hsa01200,Carbon metabolism,8/271,115/8227,0.035735118,0.26202021,0.230336574,PGK1 / PKM / ACAT2 / SDHC / IDH1 / PFKP / ALDOC / ACO2,8,3
hsa012302,hsa01230,Biosynthesis of amino acids,6/271,75/8227,0.036626481,0.26202021,0.230336574,PGK1 / PKM / IDH1 / PFKP / ALDOC / ACO2,6,3
hsa051332,hsa05133,Pertussis,6/271,76/8227,0.038713933,0.27002968,0.237377534,CFL1 / CALM2 / RHOA / ITGB1 / TICAM1 / C2,6,3
hsa054121,hsa05412,Arrhythmogenic right ventricular cardiomyopathy,6/271,77/8227,0.040875743,0.273259387,0.240216703,ACTB / ITGA2 / ITGB1 / JUP / ITGB4 / ITGB6,6,3
hsa050222,hsa05022,Pathways of neurodegeneration - multiple diseases,23/271,476/8227,0.041135822,0.273259387,0.240216703,CALM2 / ADRM1 / NDUFA4 / PSMD8 / KIF5B / PSMA2 / UBE2L3 / SDHC / CSNK1A1 / PSMD13 / COX8A / MAP1LC3B / COX6A1 / PSMC6 / PPP3CA / UBA1 / TARDBP / AXIN2 / RAB5A / XBP1 / OPTN / UBC / ACTR1B,23,3
hsa040712,hsa04071,Sphingolipid signaling pathway,8/271,119/8227,0.042420743,0.275241562,0.241959193,RHOA / CTSD / ASAH1 / CERS2 / SGMS2 / SGPL1 / PPP2CB / DEGS1,8,3
hsa053322,hsa05332,Graft-versus-host disease,4/271,42/8227,0.048426219,0.300327801,0.264011989,HLA-A / HLA-C / HLA-B / HLA-DRB1,4,3
hsa00130,hsa00130,Ubiquinone and other terpenoid-quinone biosynthesis,2/271,11/8227,0.048870944,0.300327801,0.264011989,NQO1 / VKORC1,2,3
hsa050102,hsa05010,Alzheimer disease,19/271,384/8227,0.049516412,0.300327801,0.264011989,CALM2 / ADRM1 / NDUFA4 / PSMD8 / KIF5B / PSMA2 / RTN3 / SDHC / CSNK1A1 / PSMD13 / COX8A / COX6A1 / PSMC6 / NAE1 / PPP3CA / AXIN2 / XBP1 / ADAM10 / SLC11A2,19,3
hsa052153,hsa05215,Prostate cancer,10/200,97/8227,0.000115037,0.016901987,0.013909769,PLAU / ATF4 / MTOR / CTNNB1 / IKBKB / CDKN1A / AKT2 / RB1 / TCF7 / RAF1,10,4
hsa052053,hsa05205,Proteoglycans in cancer,15/200,205/8227,0.000133943,0.016901987,0.013909769,PLAUR / HBEGF / PLAU / SLC9A1 / PPP1R12B / MTOR / ITPR3 / CTNNB1 / FLNB / CDKN1A / DROSHA / AKT2 / IHH / RAF1 / CD44,15,4
hsa052103,hsa05210,Colorectal cancer,9/200,86/8227,0.000225862,0.016901987,0.013909769,AREG / GADD45A / MTOR / CTNNB1 / CDKN1A / RALGDS / AKT2 / TCF7 / RAF1,9,4
hsa052023,hsa05202,Transcriptional misregulation in cancer,14/200,193/8227,0.000245847,0.016901987,0.013909769,GADD45A / PLAU / PROM1 / FUS / DOT1L / MAX / JMJD1C / SIN3A / CDKN1A / RUNX1 / ETV6 / REL / PBX1 / EWSR1,14,4
hsa041443,hsa04144,Endocytosis,16/200,251/8227,0.000391034,0.021506858,0.017699424,PARD6B / TFRC / VPS37B / DNM2 / EHD4 / ASAP1 / CHMP1B / HGS / EPN1 / SH3GLB2 / AP2A2 / AGAP3 / LDLR / ARFGAP2 / CYTH1 / CBLB,16,4
hsa052123,hsa05212,Pancreatic cancer,8/200,76/8227,0.000485009,0.022229582,0.018294201,GADD45A / MTOR / IKBKB / CDKN1A / RALGDS / AKT2 / RB1 / RAF1,8,4
hsa049193,hsa04919,Thyroid hormone signaling pathway,10/200,121/8227,0.000698677,0.027448005,0.022588789,ATP2A2 / SLC9A1 / RCAN1 / MTOR / CTNNB1 / MED13L / SIN3A / AKT2 / RAF1 / MED14,10,4
hsa051323,hsa05132,Salmonella infection,15/200,249/8227,0.001063758,0.02969537,0.024438295,RHOB / DNM2 / AHNAK / PLEKHM1 / CTNNB1 / EXOC7 / IKBKB / KLC1 / FLNB / AKT2 / MYD88 / PIK3C2A / CYTH1 / TCF7 / RAF1,15,4
hsa052213,hsa05221,Acute myeloid leukemia,7/200,67/8227,0.001142973,0.02969537,0.024438295,PIM1 / MTOR / IKBKB / RUNX1 / AKT2 / TCF7 / RAF1,7,4
hsa046593,hsa04659,Th17 cell differentiation,9/200,108/8227,0.001213819,0.02969537,0.024438295,IFNGR2 / HLA-DMA / MTOR / IL4R / HLA-DRA / IKBKB / HLA-DPA1 / AHR / RUNX1,9,4
hsa051693,hsa05169,Epstein-Barr virus infection,13/200,202/8227,0.00125939,0.02969537,0.024438295,GADD45A / TNFAIP3 / HLA-DMA / HLA-DRA / IKBKB / HLA-DPA1 / SIN3A / CDKN1A / AKT2 / MYD88 / RB1 / RELB / CD44,13,4
hsa040663,hsa04066,HIF-1 signaling pathway,9/200,109/8227,0.001295798,0.02969537,0.024438295,ALDOA / IFNGR2 / TFRC / MTOR / EGLN3 / PFKFB3 / CDKN1A / AKT2 / VHL,9,4
hsa042103,hsa04210,Apoptosis,10/200,136/8227,0.001713885,0.033193042,0.027316762,GADD45A / LMNA / ATF4 / MCL1 / ITPR3 / IKBKB / DAB2IP / AKT2 / SPTAN1 / RAF1,10,4
hsa052223,hsa05222,Small cell lung cancer,8/200,92/8227,0.001720141,0.033193042,0.027316762,GADD45A / TRAF4 / CKS2 / IKBKB / MAX / CDKN1A / AKT2 / RB1,8,4
hsa049103,hsa04910,Insulin signaling pathway,10/200,137/8227,0.00181053,0.033193042,0.027316762,MTOR / EXOC7 / IKBKB / FASN / PHKG2 / ACACA / SREBF1 / AKT2 / RAF1 / CBLB,10,4
hsa040103,hsa04010,MAPK signaling pathway,16/200,294/8227,0.002107306,0.036219326,0.029807292,AREG / GADD45A / EPHA2 / DUSP1 / ATF4 / IKBKB / PPP5C / MAX / FLNB / NF1 / MAPKAPK5 / AKT2 / MYD88 / RAF1 / STK3 / RELB,16,4
hsa049363,hsa04936,Alcoholic liver disease,10/200,142/8227,0.002362141,0.036536872,0.030068622,CTNNB1 / IKBKB / FASN / ACACA / CPT1A / SREBF1 / LPIN1 / AKT2 / MYD88 / TCF7,10,4
hsa052203,hsa05220,Chronic myeloid leukemia,7/200,76/8227,0.002391504,0.036536872,0.030068622,GADD45A / IKBKB / CDKN1A / RUNX1 / AKT2 / RB1 / RAF1,7,4
hsa052132,hsa05213,Endometrial cancer,6/200,58/8227,0.002707722,0.039190711,0.032252643,GADD45A / CTNNB1 / CDKN1A / AKT2 / TCF7 / RAF1,6,4
hsa051663,hsa05166,Human T-cell leukemia virus 1 infection,13/200,222/8227,0.002915912,0.040093789,0.032995846,FOSL1 / CDC26 / HLA-DMA / ATF4 / HLA-DRA / IKBKB / HLA-DPA1 / CDKN1A / AKT2 / RB1 / ZFP36 / RELB / VAC14,13,4
hsa040123,hsa04012,ErbB signaling pathway,7/200,85/8227,0.004496567,0.05888362,0.048459247,AREG / HBEGF / MTOR / CDKN1A / AKT2 / RAF1 / CBLB,7,4
hsa051453,hsa05145,Toxoplasmosis,8/200,112/8227,0.005823813,0.072797662,0.059910037,IFNGR2 / HLA-DMA / HLA-DRA / IKBKB / HLA-DPA1 / LDLR / AKT2 / MYD88,8,4
hsa052113,hsa05211,Renal cell carcinoma,6/200,69/8227,0.006436792,0.076961639,0.063336851,EGLN3 / CDKN1A / AKT2 / VHL / RAF1 / EPAS1,6,4
hsa051673,hsa05167,Kaposi sarcoma-associated herpesvirus infection,11/200,194/8227,0.007621053,0.087324569,0.071865195,RCAN1 / MTOR / ITPR3 / CTNNB1 / IKBKB / CDKN1A / AKT2 / RB1 / ZFP36 / TCF7 / RAF1,11,4
hsa041523,hsa04152,AMPK signaling pathway,8/200,121/8227,0.009165117,0.097074461,0.07988903,MTOR / PFKFB3 / FASN / ACACA / CPT1A / SREBF1 / AKT2 / PPP2R5C,8,4
hsa040703,hsa04070,Phosphatidylinositol signaling system,7/200,97/8227,0.009177949,0.097074461,0.07988903,INPP1 / INPP5D / ITPR3 / ITPKC / PIK3C2A / DGKH / IP6K2,7,4
hsa052143,hsa05214,Glioma,6/200,75/8227,0.009594653,0.097723321,0.08042302,GADD45A / MTOR / CDKN1A / AKT2 / RB1 / RAF1,6,4
hsa052161,hsa05216,Thyroid cancer,4/200,37/8227,0.011956917,0.117434007,0.096644254,GADD45A / CTNNB1 / CDKN1A / TCF7,4,4
hsa049343,hsa04934,Cushing syndrome,9/200,155/8227,0.013166428,0.117629296,0.096804971,ATF4 / ITPR3 / CTNNB1 / CDKN1A / AHR / LDLR / RB1 / PBX1 / TCF7,9,4
hsa046253,hsa04625,C-type lectin receptor signaling pathway,7/200,104/8227,0.013177854,0.117629296,0.096804971,PLK3 / ITPR3 / IKBKB / AKT2 / RAF1 / RELB / CBLB,7,4
hsa041503,hsa04150,mTOR signaling pathway,9/200,156/8227,0.013687773,0.117629296,0.096804971,MTOR / IKBKB / FNIP1 / LPIN1 / LAMTOR4 / AKT2 / RAF1 / TBC1D7 / MIOS,9,4
hsa042183,hsa04218,Cellular senescence,9/200,156/8227,0.013687773,0.117629296,0.096804971,GADD45A / ZFP36L1 / SQSTM1 / MTOR / ITPR3 / CDKN1A / AKT2 / RB1 / RAF1,9,4
hsa040683,hsa04068,FoxO signaling pathway,8/200,131/8227,0.014366059,0.119717162,0.098523214,GADD45A / SOD2 / PLK3 / CSNK1E / IKBKB / CDKN1A / AKT2 / RAF1,8,4
hsa052192,hsa05219,Bladder cancer,4/200,41/8227,0.017010473,0.137584706,0.113227605,HBEGF / CDKN1A / RB1 / RAF1,4,4
hsa046303,hsa04630,JAK-STAT signaling pathway,9/200,166/8227,0.019776749,0.155388741,0.12787973,IFNGR2 / LIF / PIM1 / MCL1 / MTOR / IL4R / CDKN1A / AKT2 / RAF1,9,4
hsa053213,hsa05321,Inflammatory bowel disease,5/200,65/8227,0.020537324,0.155954972,0.128345718,IFNGR2 / HLA-DMA / IL4R / HLA-DRA / HLA-DPA1,5,4
hsa052353,hsa05235,PD-L1 expression and PD-1 checkpoint pathway in cancer,6/200,89/8227,0.020983033,0.155954972,0.128345718,IFNGR2 / MTOR / IKBKB / AKT2 / MYD88 / RAF1,6,4
hsa045503,hsa04550,Signaling pathways regulating pluripotency of stem cells,8/200,143/8227,0.023116172,0.165469048,0.136175484,LIF / KLF4 / PCGF3 / CTNNB1 / AKT2 / TCF7 / RAF1 / SMAD5,8,4
hsa051643,hsa05164,Influenza A,9/200,171/8227,0.023466519,0.165469048,0.136175484,IFNGR2 / HLA-DMA / HLA-DRA / IKBKB / HLA-DPA1 / AKT2 / MYD88 / NUP98 / RAF1,9,4
hsa046583,hsa04658,Th1 and Th2 cell differentiation,6/200,92/8227,0.024268705,0.166847348,0.137309779,IFNGR2 / HLA-DMA / IL4R / HLA-DRA / IKBKB / HLA-DPA1,6,4
hsa046573,hsa04657,IL-17 signaling pathway,6/200,94/8227,0.026640795,0.174985833,0.14400748,FOSL1 / TRAF4 / TNFAIP3 / IKBKB / SRSF1 / IL17RE,6,4
hsa052243,hsa05224,Breast cancer,8/200,147/8227,0.026725109,0.174985833,0.14400748,GADD45A / MTOR / CTNNB1 / CDKN1A / AKT2 / RB1 / TCF7 / RAF1,8,4
hsa040723,hsa04072,Phospholipase D signaling pathway,8/200,148/8227,0.027685357,0.176244343,0.145043192,AGPAT2 / DNM2 / MTOR / RALGDS / AKT2 / CYTH1 / DGKH / RAF1,8,4
hsa052263,hsa05226,Gastric cancer,8/200,149/8227,0.028669324,0.176244343,0.145043192,GADD45A / MTOR / CTNNB1 / CDKN1A / AKT2 / RB1 / TCF7 / RAF1,8,4
hsa045203,hsa04520,Adherens junction,5/200,71/8227,0.028839983,0.176244343,0.145043192,VCL / FARP2 / CTNNB1 / BAIAP2 / TCF7,5,4
hsa052181,hsa05218,Melanoma,5/200,72/8227,0.030402482,0.17788686,0.146394928,GADD45A / CDKN1A / AKT2 / RB1 / RAF1,5,4
hsa052233,hsa05223,Non-small cell lung cancer,5/200,72/8227,0.030402482,0.17788686,0.146394928,GADD45A / CDKN1A / AKT2 / RB1 / RAF1,5,4
hsa051523,hsa05152,Tuberculosis,9/200,180/8227,0.031306952,0.178670878,0.147040148,CD74 / IFNGR2 / PLK3 / HLA-DMA / HLA-DRA / HLA-DPA1 / AKT2 / MYD88 / RAF1,9,4
hsa015223,hsa01522,Endocrine resistance,6/200,98/8227,0.031835902,0.178670878,0.147040148,HBEGF / MTOR / CDKN1A / AKT2 / RB1 / RAF1,6,4
hsa04392,hsa04392,Hippo signaling pathway - multiple species,3/200,29/8227,0.032512955,0.178821253,0.147163902,CSNK1E / LATS1 / STK3,3,4
hsa046402,hsa04640,Hematopoietic cell lineage,6/200,99/8227,0.033230808,0.179185727,0.147463852,TFRC / HLA-DMA / IL4R / HLA-DRA / HLA-DPA1 / CD44,6,4
hsa015232,hsa01523,Antifolate resistance,3/200,30/8227,0.035496597,0.187722386,0.154489236,IKBKB / ABCC1 / GART,3,4
hsa043803,hsa04380,Osteoclast differentiation,7/200,128/8227,0.036239349,0.188034358,0.154745979,FOSL1 / IFNGR2 / SQSTM1 / IKBKB / FOSL2 / AKT2 / RELB,7,4
hsa051603,hsa05160,Hepatitis C,8/200,157/8227,0.037423345,0.188195681,0.154878742,CLDN4 / CTNNB1 / IKBKB / CDKN1A / LDLR / AKT2 / RB1 / RAF1,8,4
hsa051313,hsa05131,Shigellosis,11/200,247/8227,0.038349804,0.188195681,0.154878742,RBCK1 / SQSTM1 / VCL / MTOR / ITPR3 / IKBKB / U2AF1 / AKT2 / MYD88 / CYTH1 / CD44,11,4
hsa053101,hsa05310,Asthma,3/200,31/8227,0.038616527,0.188195681,0.154878742,HLA-DMA / HLA-DRA / HLA-DPA1,3,4
hsa051403,hsa05140,Leishmaniasis,5/200,77/8227,0.039007832,0.188195681,0.154878742,IFNGR2 / HLA-DMA / HLA-DRA / HLA-DPA1 / MYD88,5,4
hsa040643,hsa04064,NF-kappa B signaling pathway,6/200,104/8227,0.040798245,0.193439954,0.159194603,GADD45A / PLAU / TNFAIP3 / IKBKB / MYD88 / RELB,6,4
hsa049223,hsa04922,Glucagon signaling pathway,6/200,107/8227,0.045822554,0.213579702,0.175768941,ATF4 / ITPR3 / PHKG2 / ACACA / CPT1A / AKT2,6,4
hsa012123,hsa01212,Fatty acid metabolism,4/200,57/8227,0.049299176,0.225954555,0.185953031,ACAA2 / FASN / ACACA / CPT1A,4,4
hsa030104,hsa03010,Ribosome,16/152,167/8227,6.35E-08,1.58E-05,1.55E-05,RPL28 / RPL35 / RPL36 / RPL36A / RPL37 / RPS15 / RPS27 / RPL37A / RPS21 / RPS11 / RPS24 / RPL35A / RPL21 / RPS26 / RPL24 / MRPS17,16,5
hsa051714,hsa05171,Coronavirus disease - COVID-19,17/152,232/8227,1.17E-06,0.000145088,0.000142297,JUN / RPL28 / RPL35 / RPL36 / RPL36A / RPL37 / RPS15 / RPS27 / RPL37A / RPS21 / RPS11 / RPS24 / RPL35A / RPL21 / RPS26 / PIK3R1 / RPL24,17,5
hsa049324,hsa04932,Non-alcoholic fatty liver disease,10/152,155/8227,0.00057231,0.047501751,0.046588063,JUN / NDUFB7 / COX6B1 / NDUFA3 / UQCRB / NDUFS7 / SOCS3 / PIK3R1 / NDUFV3 / TRAF2,10,5
hsa047144,hsa04714,Thermogenesis,11/152,232/8227,0.003727632,0.232045079,0.227581731,ATP5ME / NDUFB7 / COX6B1 / NDUFA3 / UQCRB / NDUFS7 / SOS2 / NDUFV3 / MLST8 / COX16 / NDUFAF2,11,5
hsa052084,hsa05208,Chemical carcinogenesis - reactive oxygen species,10/152,223/8227,0.00821565,0.296805817,0.291096807,JUN / NDUFB7 / COX6B1 / NDUFA3 / UQCRB / NDUFS7 / PIK3R1 / SOS2 / NDUFV3 / GSTM3,10,5
hsa049643,hsa04964,Proximal tubule bicarbonate reclamation,3/152,23/8227,0.008349962,0.296805817,0.291096807,CA2 / SLC25A10 / SLC9A3,3,5
hsa049174,hsa04917,Prolactin signaling pathway,5/152,70/8227,0.009305956,0.296805817,0.291096807,SOCS1 / SOCS3 / PIK3R1 / SOCS4 / SOS2,5,5
hsa049304,hsa04930,Type II diabetes mellitus,4/152,46/8227,0.010011984,0.296805817,0.291096807,SOCS1 / SOCS3 / PIK3R1 / SOCS4,4,5
hsa015244,hsa01524,Platinum drug resistance,5/152,73/8227,0.011053106,0.296805817,0.291096807,PIK3R1 / TOP2A / MSH3 / GSTM3 / XPA,5,5
hsa001904,hsa00190,Oxidative phosphorylation,7/152,134/8227,0.011919912,0.296805817,0.291096807,ATP5ME / NDUFB7 / COX6B1 / NDUFA3 / UQCRB / NDUFS7 / NDUFV3,7,5
hsa041304,hsa04130,SNARE interactions in vesicular transport,3/152,33/8227,0.022500028,0.485445134,0.476107677,STX19 / STX17 / USE1,3,5
hsa049782,hsa04978,Mineral absorption,4/152,60/8227,0.024556923,0.485445134,0.476107677,MT1G / MT1E / SLC9A3 / MT1H,4,5
hsa041504,hsa04150,mTOR signaling pathway,7/152,156/8227,0.025344525,0.485445134,0.476107677,STK11 / PIK3R1 / WDR24 / FZD5 / SOS2 / MLST8 / NPRL2,7,5
hsa030301,hsa03030,DNA replication,3/152,36/8227,0.02829213,0.503195733,0.493516846,RNASEH2A / RNASEH2C / RFC2,3,5
hsa049104,hsa04910,Insulin signaling pathway,6/152,137/8227,0.041152408,0.655645158,0.643033932,SOCS1 / SOCS3 / PIK3R1 / SOCS4 / SOS2 / PHKG1,6,5
hsa041404,hsa04140,Autophagy - animal,6/152,141/8227,0.046257584,0.655645158,0.643033932,STK11 / UVRAG / PIK3R1 / MLST8 / EIF2AK4 / STX17,6,5
hsa030134,hsa03013,Nucleocytoplasmic transport,5/152,108/8227,0.049381968,0.655645158,0.643033932,UPF3B / UPF1 / XPO6 / XPO4 / CASC3,5,5
hsa051715,hsa05171,Coronavirus disease - COVID-19,38/306,232/8227,4.95E-15,1.19E-12,9.53E-13,RPL13 / RPL31 / RPS19 / RPS18 / RPL12 / RPLP2 / RPL41 / RPS12 / RPL27A / RPS28 / RPL29 / RPL13A / RPS15A / RPL32 / RPL34 / RPL39 / RPL18A / RPL30 / RPL26 / RPS25 / RPL17 / UBA52 / RPL23A / RPS8 / RPL22 / RPL14 / RPS9 / RPS17 / RPS16 / PIK3R3 / PLCG1 / RPS10 / RPS20 / RPL27 / PRKCA / TYK2 / MAVS / PIK3CB,38,6
hsa030105,hsa03010,Ribosome,32/306,167/8227,8.62E-15,1.19E-12,9.53E-13,RPL13 / RPL31 / RPS19 / RPS18 / RPL12 / RPLP2 / RPL41 / RPS12 / RPL27A / RPS28 / RPL29 / RPL13A / RPS15A / RPL32 / RPL34 / RPL39 / RPL18A / RPL30 / RPL26 / RPS25 / RPL17 / UBA52 / RPL23A / RPS8 / RPL22 / RPL14 / RPS9 / RPS17 / RPS16 / RPS10 / RPS20 / RPL27,32,6
hsa049195,hsa04919,Thyroid hormone signaling pathway,17/306,121/8227,2.12E-06,0.000195809,0.00015626,TSC2 / PIK3R3 / ATP2A3 / PLCG1 / PLCB4 / THRA / NOTCH1 / PFKL / GSK3B / PRKCA / SRC / MED16 / HRAS / DIO3 / AKT1 / HIF1A / PIK3CB,17,6
hsa052235,hsa05223,Non-small cell lung cancer,12/306,72/8227,1.17E-05,0.000810636,0.000646907,GADD45B / GADD45G / PIK3R3 / EML4 / PLCG1 / FHIT / DDB2 / PRKCA / ARAF / HRAS / AKT1 / PIK3CB,12,6
hsa052315,hsa05231,Choline metabolism in cancer,13/306,98/8227,6.30E-05,0.003492007,0.002786705,TSC2 / PIK3R3 / DGKD / PLCG1 / TSC1 / PRKCA / DGKZ / DGKQ / HRAS / AKT1 / RPS6KB2 / HIF1A / PIK3CB,13,6
hsa052134,hsa05213,Endometrial cancer,9/306,58/8227,0.000258674,0.011942099,0.009530081,GADD45B / GADD45G / PIK3R3 / GSK3B / DDB2 / ARAF / HRAS / AKT1 / PIK3CB,9,6
hsa052245,hsa05224,Breast cancer,15/306,147/8227,0.000357332,0.013284678,0.010601491,GADD45B / GADD45G / DLL4 / PIK3R3 / DVL1 / NOTCH1 / GSK3B / DDB2 / NFKB2 / ARAF / HRAS / LRP6 / AKT1 / RPS6KB2 / PIK3CB,15,6
hsa052145,hsa05214,Glioma,10/306,75/8227,0.000424129,0.013284678,0.010601491,GADD45B / GADD45G / PIK3R3 / PLCG1 / DDB2 / PRKCA / ARAF / HRAS / AKT1 / PIK3CB,10,6
hsa042115,hsa04211,Longevity regulating pathway,11/306,89/8227,0.000431632,0.013284678,0.010601491,TSC2 / EHMT1 / PIK3R3 / ADCY6 / TSC1 / SIRT1 / EHMT2 / HRAS / AKT1 / RPS6KB2 / PIK3CB,11,6
hsa003105,hsa00310,Lysine degradation,9/306,63/8227,0.000488481,0.013530919,0.010797997,KMT2B / EHMT1 / KMT2C / KMT2D / PHYKPL / SETDB2 / NSD1 / KMT2E / EHMT2,9,6
hsa030135,hsa03013,Nucleocytoplasmic transport,12/306,108/8227,0.000642159,0.014924104,0.011909793,PNN / ACIN1 / DDX39B / NUP214 / RANGAP1 / TNPO2 / NUP153 / NUP62 / NUP160 / NUP58 / NCBP1 / THOC6,12,6
hsa015215,hsa01521,EGFR tyrosine kinase inhibitor resistance,10/306,79/8227,0.000646532,0.014924104,0.011909793,PIK3R3 / PLCG1 / GSK3B / PRKCA / SRC / ARAF / HRAS / AKT1 / RPS6KB2 / PIK3CB,10,6
hsa040125,hsa04012,ErbB signaling pathway,10/306,85/8227,0.001153836,0.023335413,0.018622218,PIK3R3 / PLCG1 / GSK3B / PRKCA / SRC / ARAF / HRAS / AKT1 / RPS6KB2 / PIK3CB,10,6
hsa040725,hsa04072,Phospholipase D signaling pathway,14/306,148/8227,0.001185949,0.023335413,0.018622218,TSC2 / PIK3R3 / DGKD / PLCG1 / PLCB4 / ADCY6 / TSC1 / PRKCA / DGKZ / DGKQ / HRAS / AKT1 / PTK2B / PIK3CB,14,6
hsa052105,hsa05210,Colorectal cancer,10/306,86/8227,0.001263651,0.023335413,0.018622218,GADD45B / GADD45G / PIK3R3 / GSK3B / DDB2 / ARAF / HRAS / AKT1 / RPS6KB2 / PIK3CB,10,6
hsa052255,hsa05225,Hepatocellular carcinoma,15/306,168/8227,0.001443105,0.024983761,0.019937639,GADD45B / GADD45G / PIK3R3 / PLCG1 / DVL1 / GSK3B / DDB2 / PRKCA / ARAF / ARID2 / HRAS / LRP6 / AKT1 / RPS6KB2 / PIK3CB,15,6
hsa049105,hsa04910,Insulin signaling pathway,13/306,137/8227,0.001711909,0.027894045,0.022260116,PCK1 / TSC2 / PIK3R3 / INPPL1 / GSK3B / TSC1 / ARAF / HRAS / RAPGEF1 / AKT1 / PRKAR1B / RPS6KB2 / PIK3CB,13,6
hsa041505,hsa04150,mTOR signaling pathway,14/306,156/8227,0.001963596,0.02864565,0.022859915,TSC2 / TELO2 / PIK3R3 / DVL1 / SGK1 / GSK3B / NPRL3 / TSC1 / PRKCA / HRAS / LRP6 / AKT1 / RPS6KB2 / PIK3CB,14,6
hsa042135,hsa04213,Longevity regulating pathway - multiple species,8/306,62/8227,0.001964864,0.02864565,0.022859915,HSPA2 / PIK3R3 / ADCY6 / SIRT1 / HRAS / AKT1 / RPS6KB2 / PIK3CB,8,6
hsa030185,hsa03018,RNA degradation,9/306,79/8227,0.00252704,0.034999501,0.02793044,BTG2 / PABPC4 / CNOT4 / PFKL / SKIV2L / TOB2 / PABPC1L / PARN / CNOT3,9,6
hsa030155,hsa03015,mRNA surveillance pathway,10/306,97/8227,0.003134428,0.03774942,0.030124941,PNN / SYMPK / PCF11 / SMG6 / CPSF1 / ACIN1 / PABPC4 / DDX39B / PABPC1L / NCBP1,10,6
hsa040705,hsa04070,Phosphatidylinositol signaling system,10/306,97/8227,0.003134428,0.03774942,0.030124941,PIK3R3 / DGKD / PLCG1 / PLCB4 / INPPL1 / PRKCA / DGKZ / DGKQ / PI4KA / PIK3CB,10,6
hsa046665,hsa04666,Fc gamma R-mediated phagocytosis,10/306,97/8227,0.003134428,0.03774942,0.030124941,PIK3R3 / PLCG1 / INPPL1 / DOCK1 / LIMK2 / PRKCA / AKT1 / RPS6KB2 / MYO10 / PIK3CB,10,6
hsa015225,hsa01522,Endocrine resistance,10/306,98/8227,0.003378754,0.038996458,0.031120107,DLL4 / PIK3R3 / NOTCH1 / ADCY6 / SRC / ARAF / HRAS / AKT1 / RPS6KB2 / PIK3CB,10,6
hsa052194,hsa05219,Bladder cancer,6/306,41/8227,0.003777673,0.041856622,0.033402586,DAPK2 / SRC / THBS1 / TYMP / ARAF / HRAS,6,6
hsa051635,hsa05163,Human cytomegalovirus infection,17/306,225/8227,0.004265728,0.045446415,0.036267327,TSC2 / PIK3R3 / PTGER4 / ARHGEF1 / PLCB4 / ADCY6 / GSK3B / TSC1 / PRKCA / SRC / TRAF5 / CASP8 / HRAS / AKT1 / RPS6KB2 / PTK2B / PIK3CB,17,6
hsa052183,hsa05218,Melanoma,8/306,72/8227,0.005050393,0.050140818,0.040013573,GADD45B / GADD45G / PIK3R3 / DDB2 / ARAF / HRAS / AKT1 / PIK3CB,8,6
hsa040155,hsa04015,Rap1 signaling pathway,16/306,210/8227,0.005068386,0.050140818,0.040013573,TLN2 / PIK3R3 / SIPA1L1 / RAPGEF5 / PLCG1 / PLCB4 / MAGI1 / ADCY6 / SIPA1L3 / PRKCA / SRC / THBS1 / HRAS / RAPGEF1 / AKT1 / PIK3CB,16,6
hsa049285,hsa04928,"Parathyroid hormone synthesis, secretion and action",10/306,106/8227,0.005924242,0.055108857,0.043978188,JUND / EGR1 / ARHGEF1 / PLCB4 / NR4A2 / ADCY6 / PRKCA / VDR / ARAF / LRP6,10,6
hsa043705,hsa04370,VEGF signaling pathway,7/306,59/8227,0.005968468,0.055108857,0.043978188,PIK3R3 / PLCG1 / PRKCA / SRC / HRAS / AKT1 / PIK3CB,7,6
hsa041205,hsa04120,Ubiquitin mediated proteolysis,12/306,142/8227,0.006527613,0.058327383,0.046546648,UBA52 / ANAPC2 / PPIL2 / FBXW7 / BIRC6 / HERC1 / DDB2 / UBR5 / PIAS2 / UBE3B / WWP2 / ANAPC1,12,6
hsa052125,hsa05212,Pancreatic cancer,8/306,76/8227,0.007003371,0.058785871,0.046912533,GADD45B / GADD45G / PIK3R3 / DDB2 / ARAF / AKT1 / RPS6KB2 / PIK3CB,8,6
hsa052205,hsa05220,Chronic myeloid leukemia,8/306,76/8227,0.007003371,0.058785871,0.046912533,GADD45B / GADD45G / PIK3R3 / DDB2 / ARAF / HRAS / AKT1 / PIK3CB,8,6
hsa051615,hsa05161,Hepatitis B,13/306,162/8227,0.007264197,0.059181838,0.047228524,PIK3R3 / STAT6 / DDB2 / PRKCA / TYK2 / SRC / MAVS / ARAF / CASP8 / HRAS / AKT1 / PTK2B / PIK3CB,13,6
hsa040685,hsa04068,FoxO signaling pathway,11/306,131/8227,0.009454006,0.072774947,0.05807615,GADD45B / GADD45G / PCK1 / PLK2 / PIK3R3 / SGK1 / SIRT1 / ARAF / HRAS / AKT1 / PIK3CB,11,6
hsa052265,hsa05226,Gastric cancer,12/306,149/8227,0.009458116,0.072774947,0.05807615,GADD45B / GADD45G / PIK3R3 / DVL1 / GSK3B / DDB2 / ARAF / HRAS / LRP6 / AKT1 / RPS6KB2 / PIK3CB,12,6
hsa049604,hsa04960,Aldosterone-regulated sodium reabsorption,5/306,37/8227,0.011305501,0.084638479,0.067543532,PIK3R3 / HSD11B2 / SGK1 / PRKCA / PIK3CB,5,6
hsa051355,hsa05135,Yersinia infection,11/306,137/8227,0.012976078,0.094588782,0.075484112,PIK3R3 / ARHGEF1 / PKN2 / PLCG1 / DOCK1 / GSK3B / SRC / AKT1 / PTK2B / PKN1 / PIK3CB,11,6
hsa049355,hsa04935,"Growth hormone synthesis, secretion and action",10/306,120/8227,0.01371824,0.095497378,0.076209194,JUNB / PIK3R3 / PLCG1 / PLCB4 / ADCY6 / GSK3B / PRKCA / HRAS / AKT1 / PIK3CB,10,6
hsa052115,hsa05211,Renal cell carcinoma,7/306,69/8227,0.013790235,0.095497378,0.076209194,PIK3R3 / ARAF / HRAS / RAPGEF1 / AKT1 / HIF1A / PIK3CB,7,6
hsa049175,hsa04917,Prolactin signaling pathway,7/306,70/8227,0.014850683,0.100332661,0.080067866,PIK3R3 / GSK3B / SRC / HRAS / TNFRSF11A / AKT1 / PIK3CB,7,6
hsa041405,hsa04140,Autophagy - animal,11/306,141/8227,0.015826169,0.104377355,0.083295628,TSC2 / PIK3R3 / DAPK2 / TSC1 / ATG2A / ATG14 / HRAS / AKT1 / RPS6KB2 / HIF1A / PIK3CB,11,6
hsa052355,hsa05235,PD-L1 expression and PD-1 checkpoint pathway in cancer,8/306,89/8227,0.017361076,0.11183763,0.089249106,PIK3R3 / EML4 / PLCG1 / HRAS / AKT1 / RPS6KB2 / HIF1A / PIK3CB,8,6
hsa043605,hsa04360,Axon guidance,13/306,182/8227,0.018068782,0.113135306,0.090284683,PLXNB1 / PIK3R3 / PLCG1 / EPHB3 / LIMK2 / GSK3B / PLXNA2 / PRKCA / SRC / SSH2 / HRAS / EPHB4 / PIK3CB,13,6
hsa041155,hsa04115,p53 signaling pathway,7/306,73/8227,0.018379382,0.113135306,0.090284683,GADD45B / GADD45G / TSC2 / TP53I3 / DDB2 / THBS1 / CASP8,7,6
hsa049315,hsa04931,Insulin resistance,9/306,108/8227,0.018901544,0.113820164,0.090831216,PCK1 / PIK3R3 / OGT / PPARGC1B / MLXIP / GSK3B / AKT1 / RPS6KB2 / PIK3CB,9,6
hsa052225,hsa05222,Small cell lung cancer,8/306,92/8227,0.020811411,0.122654488,0.097881218,GADD45B / GADD45G / PIK3R3 / FHIT / DDB2 / TRAF5 / AKT1 / PIK3CB,8,6
hsa049125,hsa04912,GnRH signaling pathway,8/306,93/8227,0.022062599,0.127319581,0.101604074,EGR1 / PLCB4 / ADCY6 / PRKCA / SRC / MAP3K4 / HRAS / PTK2B,8,6
hsa052175,hsa05217,Basal cell carcinoma,6/306,63/8227,0.028997958,0.160180824,0.127828132,GADD45B / GADD45G / DVL1 / BMP2 / GSK3B / DDB2,6,6
hsa047505,hsa04750,Inflammatory mediator regulation of TRP channels,8/306,98/8227,0.029122239,0.160180824,0.127828132,PIK3R3 / PTGER4 / PLCG1 / PLCB4 / ADCY6 / PRKCA / SRC / PIK3CB,8,6
hsa049735,hsa04973,Carbohydrate digestion and absorption,5/306,47/8227,0.029491776,0.160180824,0.127828132,PIK3R3 / PLCB4 / AKT1 / SLC37A4 / PIK3CB,5,6
hsa042185,hsa04218,Cellular senescence,11/306,156/8227,0.030793863,0.162212243,0.129449253,ZFP36L2 / GADD45B / GADD45G / TSC2 / PIK3R3 / TRPM7 / TSC1 / SIRT1 / HRAS / AKT1 / PIK3CB,11,6
hsa049294,hsa04929,GnRH secretion,6/306,64/8227,0.031037,0.162212243,0.129449253,PIK3R3 / PLCB4 / PRKCA / HRAS / AKT1 / PIK3CB,6,6
hsa049335,hsa04933,AGE-RAGE signaling pathway in diabetic complications,8/306,100/8227,0.032338681,0.165885454,0.132380564,EGR1 / PIK3R3 / PLCG1 / PLCB4 / PRKCA / HRAS / AKT1 / PIK3CB,8,6
hsa041525,hsa04152,AMPK signaling pathway,9/306,121/8227,0.036092635,0.181775632,0.145061306,PCK1 / TSC2 / PIK3R3 / PFKL / TSC1 / SIRT1 / AKT1 / RPS6KB2 / PIK3CB,9,6
hsa052215,hsa05221,Acute myeloid leukemia,6/306,67/8227,0.03770789,0.186519387,0.148846936,PIK3R3 / ARAF / HRAS / AKT1 / RPS6KB2 / PIK3CB,6,6
hsa045105,hsa04510,Focal adhesion,13/306,203/8227,0.03939495,0.188067654,0.15008249,TLN2 / PPP1R12C / PIK3R3 / DOCK1 / GSK3B / PRKCA / SRC / ARHGAP35 / THBS1 / HRAS / RAPGEF1 / AKT1 / PIK3CB,13,6
hsa040645,hsa04064,NF-kappa B signaling pathway,8/306,104/8227,0.039481733,0.188067654,0.15008249,GADD45B / GADD45G / PLCG1 / ERC1 / NFKB2 / TRAF5 / TNFRSF11A / CARD10,8,6
hsa046645,hsa04664,Fc epsilon RI signaling pathway,6/306,68/8227,0.040119767,0.188067654,0.15008249,PIK3R3 / PLCG1 / PRKCA / HRAS / AKT1 / PIK3CB,6,6
hsa046115,hsa04611,Platelet activation,9/306,124/8227,0.041222334,0.188067654,0.15008249,TLN2 / PIK3R3 / ARHGEF1 / PLCB4 / ADCY6 / SRC / ARHGAP35 / AKT1 / PIK3CB,9,6
hsa052055,hsa05205,Proteoglycans in cancer,13/306,205/8227,0.042092153,0.188067654,0.15008249,PPP1R12C / PIK3R3 / ARHGEF1 / PLCG1 / PRKCA / SRC / THBS1 / ARAF / HRAS / AKT1 / RPS6KB2 / HIF1A / PIK3CB,13,6
hsa051315,hsa05131,Shigellosis,15/306,247/8227,0.042094565,0.188067654,0.15008249,UBA52 / TLN2 / PIK3R3 / PLCG1 / PLCB4 / DOCK1 / FNBP1 / GSK3B / ARHGEF2 / SRC / ATG14 / TRAF5 / AKT1 / RPS6KB2 / PIK3CB,15,6
hsa007603,hsa00760,Nicotinate and nicotinamide metabolism,4/306,36/8227,0.043406254,0.19084972,0.152302646,NADSYN1 / NT5C / SIRT1 / NMRK1,4,6
hsa052305,hsa05230,Central carbon metabolism in cancer,6/306,70/8227,0.045231404,0.195767168,0.156226887,PIK3R3 / PFKL / HRAS / AKT1 / HIF1A / PIK3CB,6,6
hsa052162,hsa05216,Thyroid cancer,4/306,37/8227,0.047297255,0.201559069,0.160848963,GADD45B / GADD45G / DDB2 / HRAS,4,6
hsa043805,hsa04380,Osteoclast differentiation,9/306,128/8227,0.048798637,0.204505548,0.163200323,FOSB / JUNB / JUND / PIK3R3 / TYK2 / NFKB2 / TNFRSF11A / AKT1 / PIK3CB,9,6
hsa040665,hsa04066,HIF-1 signaling pathway,8/306,109/8227,0.049800169,0.204505548,0.163200323,PIK3R3 / PLCG1 / PFKL / PRKCA / AKT1 / RPS6KB2 / HIF1A / PIK3CB,8,6
hsa030106,hsa03010,Ribosome,17/95,167/8227,4.86E-12,7.53E-10,7.53E-10,RPS23 / RPL3 / RPL11 / RPS5 / RPLP1 / RPL9 / RPS4X / RPS3A / RPS13 / RPS14 / RPS2 / RPL18 / RPL6 / RPLP0 / RPL10 / RPS3 / RPS6,17,7
hsa051716,hsa05171,Coronavirus disease - COVID-19,19/95,232/8227,1.16E-11,8.96E-10,8.96E-10,RPS23 / RPL3 / RPL11 / RPS5 / RPLP1 / RPL9 / RPS4X / RPS3A / RPS13 / RPS14 / RPS2 / RPL18 / RPL6 / RPLP0 / RPL10 / RPS3 / IKBKE / RPS6 / IRAK4,19,7
hsa041446,hsa04144,Endocytosis,8/95,251/8227,0.00829398,0.428522309,0.428522309,ACTR3C / VPS36 / WASHC1 / RABEP1 / CBLC / PSD3 / GRK6 / GIT1,8,7
hsa043906,hsa04390,Hippo signaling pathway,5/95,157/8227,0.034893099,0.930069608,0.930069608,SCRIB / AXIN1 / PATJ / NKD2 / CCND2,5,7
hsa007903,hsa00790,Folate biosynthesis,2/95,26/8227,0.035828749,0.930069608,0.930069608,GCH1 / GPHN,2,7
hsa003106,hsa00310,Lysine degradation,3/95,63/8227,0.036002695,0.930069608,0.930069608,SETD2 / NSD2 / KMT5A,3,7
hsa050127,hsa05012,Parkinson disease,52/436,266/8227,6.14E-17,1.81E-14,1.64E-14,SLC25A5 / PSMA7 / PSMB1 / HSPA5 / NDUFAB1 / PSMA5 / VDAC1 / PSMB2 / CALM1 / COX5A / PSMD7 / PSMB3 / NDUFB5 / PSMC2 / SOD1 / NDUFV2 / PSMB6 / PSMD11 / PSMD14 / SDHB / NDUFA8 / PSMD3 / UQCRC2 / PSMC5 / PSMD4 / SDHD / VDAC3 / PSMD6 / CYC1 / NDUFS4 / NDUFS3 / NDUFA12 / SDHA / PSMB4 / UBE2L6 / EIF2S1 / NDUFB6 / PINK1 / PPIF / GNAS / SLC39A7 / ATF6 / GNAI3 / UQCRC1 / KEAP1 / SLC39A4 / NDUFS1 / SLC25A4 / PSMC3 / CALM3 / SLC39A11 / PSMD9,52,8
hsa030503,hsa03050,Proteasome,21/436,46/8227,2.05E-15,3.03E-13,2.74E-13,PSMA7 / PSMB1 / POMP / PSMA5 / PSMB2 / PSMD7 / PSMB3 / PSMC2 / PSMB6 / PSMD11 / PSMD14 / PSMB8 / PSMD3 / PSMC5 / PSMD4 / PSMD6 / PSMB4 / PSME2 / PSME3 / PSMC3 / PSMD9,21,8
hsa050167,hsa05016,Huntington disease,49/436,306/8227,1.65E-12,1.62E-10,1.47E-10,SLC25A5 / PSMA7 / PSMB1 / NDUFAB1 / PSMA5 / VDAC1 / PSMB2 / COX5A / AP2M1 / PSMD7 / PSMB3 / NDUFB5 / PSMC2 / SOD1 / NDUFV2 / PSMB6 / PSMD11 / PSMD14 / SDHB / NDUFA8 / PSMD3 / UQCRC2 / PSMC5 / PSMD4 / POLR2C / SDHD / VDAC3 / PSMD6 / CYC1 / NDUFS4 / GPX2 / NDUFS3 / POLR2K / NDUFA12 / SDHA / PSMB4 / POLR2G / BECN1 / NDUFB6 / PPIF / ACTR10 / TFAM / UQCRC1 / CREB3L1 / NRBF2 / NDUFS1 / SLC25A4 / PSMC3 / PSMD9,49,8
hsa050107,hsa05010,Alzheimer disease,53/436,384/8227,7.03E-11,5.19E-09,4.70E-09,SLC25A5 / PSMA7 / PSMB1 / NDUFAB1 / PSMA5 / VDAC1 / PSMB2 / CALM1 / COX5A / IRS2 / PSMD7 / PSMB3 / NDUFB5 / PSMC2 / NDUFV2 / PSMB6 / PSMD11 / PSMD14 / SDHB / KRAS / NDUFA8 / PSMD3 / UQCRC2 / PSMC5 / PSMD4 / SDHD / VDAC3 / PSMD6 / CYC1 / NDUFS4 / NDUFS3 / NDUFA12 / SDHA / PSMB4 / EIF2S1 / BECN1 / EIF2AK2 / NDUFB6 / PPIF / SLC39A7 / PPID / ATF6 / UQCRC1 / NCSTN / SLC39A4 / NRBF2 / NDUFS1 / FADD / SLC25A4 / PSMC3 / CALM3 / SLC39A11 / PSMD9,53,8
hsa050147,hsa05014,Amyotrophic lateral sclerosis,51/436,364/8227,9.58E-11,5.65E-09,5.12E-09,PSMA7 / PSMB1 / HSPA5 / NDUFAB1 / PSMA5 / VDAC1 / CHMP2B / PSMB2 / COX5A / PSMD7 / PSMB3 / NDUFB5 / PSMC2 / SOD1 / NDUFV2 / PSMB6 / PSMD11 / PSMD14 / SDHB / NDUFA8 / PSMD3 / UQCRC2 / PSMC5 / SIGMAR1 / NXT1 / ANXA7 / PSMD4 / SDHD / PSMD6 / CYC1 / NDUFS4 / GPX2 / NDUFS3 / NDUFA12 / TOMM40 / SDHA / PSMB4 / EIF2S1 / RAE1 / BECN1 / NDUFB6 / PINK1 / ACTR10 / VCP / RAB8A / ATF6 / UQCRC1 / NRBF2 / NDUFS1 / PSMC3 / PSMD9,51,8
hsa050206,hsa05020,Prion disease,42/436,273/8227,2.65E-10,1.30E-08,1.18E-08,SLC25A5 / PSMA7 / PSMB1 / HSPA5 / NDUFAB1 / PSMA5 / VDAC1 / PSMB2 / COX5A / PSMD7 / PSMB3 / NDUFB5 / PSMC2 / SOD1 / NDUFV2 / PSMB6 / PSMD11 / PSMD14 / SDHB / NDUFA8 / PSMD3 / UQCRC2 / PSMC5 / PSMD4 / SDHD / VDAC3 / PSMD6 / CYC1 / NDUFS4 / NDUFS3 / NDUFA12 / SDHA / PSMB4 / EIF2S1 / NDUFB6 / PPIF / UQCRC1 / CREB3L1 / NDUFS1 / SLC25A4 / PSMC3 / PSMD9,42,8
hsa050227,hsa05022,Pathways of neurodegeneration - multiple diseases,58/436,476/8227,1.22E-09,5.14E-08,4.66E-08,SLC25A5 / PSMA7 / PSMB1 / HSPA5 / NDUFAB1 / PSMA5 / VDAC1 / CHMP2B / PSMB2 / CALM1 / COX5A / PSMD7 / PSMB3 / NDUFB5 / PSMC2 / SOD1 / NDUFV2 / PSMB6 / PSMD11 / PSMD14 / SDHB / KRAS / NDUFA8 / PSMD3 / UQCRC2 / PSMC5 / SIGMAR1 / PSMD4 / SDHD / VDAC3 / PSMD6 / CYC1 / NDUFS4 / GPX2 / NDUFS3 / NDUFA12 / TOMM40 / SDHA / PSMB4 / UBE2L6 / EIF2S1 / BECN1 / NDUFB6 / PINK1 / PPIF / ACTR10 / PPID / VCP / RAB8A / ATF6 / UQCRC1 / NRBF2 / NDUFS1 / FADD / SLC25A4 / PSMC3 / CALM3 / PSMD9,58,8
hsa050177,hsa05017,Spinocerebellar ataxia,25/436,143/8227,1.02E-07,3.75E-06,3.40E-06,SLC25A5 / PSMA7 / PSMB1 / PSMA5 / VDAC1 / PSMB2 / PSMD7 / PSMB3 / PSMC2 / PSMB6 / PSMD11 / PSMD14 / PSMD3 / PSMC5 / PSMD4 / VDAC3 / PSMD6 / ATXN10 / PSMB4 / BECN1 / PPIF / NRBF2 / SLC25A4 / PSMC3 / PSMD9,25,8
hsa012007,hsa01200,Carbon metabolism,22/436,115/8227,1.16E-07,3.81E-06,3.45E-06,TKT / TALDO1 / TPI1 / ECHS1 / SDHB / SUCLG1 / SDHD / PDHA1 / ADH5 / PSAT1 / MDH1 / SHMT2 / SDHA / PGD / ESD / DLD / PGLS / FBP1 / PCCA / ME1 / FH / PCCB,22,8
hsa052087,hsa05208,Chemical carcinogenesis - reactive oxygen species,30/436,223/8227,2.03E-06,5.98E-05,5.42E-05,SLC25A5 / NDUFAB1 / VDAC1 / COX5A / MGST2 / NDUFB5 / SOD1 / NDUFV2 / SDHB / KRAS / NDUFA8 / UQCRC2 / GSTO1 / CBR1 / SDHD / VDAC3 / CYC1 / NDUFS4 / NDUFS3 / NDUFA12 / SDHA / NDUFB6 / PPIF / AKR1C3 / UQCRC1 / KEAP1 / NDUFS1 / SLC25A4 / EPHX1 / PDPK1,30,8
hsa030107,hsa03010,Ribosome,23/436,167/8227,2.19E-05,0.000588027,0.000532949,MRPL3 / MRPL13 / MRPL15 / MRPS10 / MRPL36 / MRPS2 / RSL24D1 / MRPS16 / MRPL22 / MRPL24 / MRPL4 / MRPL17 / MRPS18A / MRPS18C / MRPL21 / MRPL34 / MRPS12 / MRPL19 / RPS27L / MRPS9 / MRPL28 / RPL36AL / MRPL10,23,8
hsa047147,hsa04714,Thermogenesis,28/436,232/8227,3.52E-05,0.000864672,0.000783681,NDUFAB1 / COX5A / NDUFB5 / NDUFV2 / SDHB / KRAS / NDUFA8 / UQCRC2 / SDHD / NDUFAF4 / ACSL3 / CYC1 / NDUFS4 / NDUFS3 / NDUFA12 / ACTL6A / SDHA / RPS6KA3 / COA4 / NDUFB6 / GNAS / COA6 / SMARCC1 / UQCRC1 / CREB3L1 / COA5 / NDUFS1 / SMARCD2,28,8
hsa030087,hsa03008,Ribosome biogenesis in eukaryotes,18/436,119/8227,4.93E-05,0.001118515,0.001013747,RAN / REXO2 / SBDS / NOP10 / DKC1 / SNU13 / NXT1 / XRN2 / GTPBP4 / GAR1 / NHP2 / POP7 / IMP3 / UTP18 / UTP14A / IMP4 / NOP58 / WDR43,18,8
hsa002706,hsa00270,Cysteine and methionine metabolism,11/436,51/8227,5.66E-05,0.001192767,0.001081044,LDHB / ADI1 / AHCY / PSAT1 / MDH1 / MPST / ENOPH1 / AHCYL1 / SRM / MAT2B / GSS,11,8
hsa054157,hsa05415,Diabetic cardiomyopathy,25/436,203/8227,6.61E-05,0.001300592,0.00117877,SLC25A5 / NDUFAB1 / VDAC1 / COX5A / NDUFB5 / PPP1CA / NDUFV2 / SDHB / NDUFA8 / UQCRC2 / SDHD / PDHA1 / VDAC3 / CYC1 / NDUFS4 / NDUFS3 / NDUFA12 / SDHA / NDUFB6 / PPIF / GFPT1 / MPC1 / UQCRC1 / NDUFS1 / SLC25A4,25,8
hsa000204,hsa00020,Citrate cycle (TCA cycle),8/436,30/8227,0.000121486,0.002239907,0.002030103,SDHB / SUCLG1 / SDHD / PDHA1 / MDH1 / SDHA / DLD / FH,8,8
hsa001905,hsa00190,Oxidative phosphorylation,17/436,134/8227,0.000681851,0.010697727,0.00969571,NDUFAB1 / COX5A / NDUFB5 / NDUFV2 / SDHB / NDUFA8 / UQCRC2 / SDHD / CYC1 / NDUFS4 / NDUFS3 / PPA2 / NDUFA12 / SDHA / NDUFB6 / UQCRC1 / NDUFS1,17,8
hsa006206,hsa00620,Pyruvate metabolism,9/436,47/8227,0.000683202,0.010697727,0.00969571,LDHB / PDHA1 / ADH5 / GLO1 / MDH1 / DLD / ME1 / ALDH9A1 / FH,9,8
hsa041417,hsa04141,Protein processing in endoplasmic reticulum,20/436,171/8227,0.000689006,0.010697727,0.00969571,RPN2 / PDIA6 / HSP90AB1 / HSPA5 / TRAM1 / DAD1 / SSR3 / UBXN4 / UBXN1 / EIF2S1 / LMAN1 / CKAP4 / EIF2AK2 / SSR4 / DNAJA2 / ERLEC1 / VCP / SAR1A / ATF6 / SEL1L,20,8
hsa030186,hsa03018,RNA degradation,12/436,79/8227,0.000847808,0.012505161,0.011333848,HSPD1 / LSM2 / XRN2 / LSM6 / WDR61 / EXOSC7 / CNOT7 / EXOSC3 / EXOSC4 / EXOSC8 / EXOSC1 / BTG3,12,8
hsa005105,hsa00510,N-Glycan biosynthesis,9/436,50/8227,0.001090975,0.015325608,0.013890114,RPN2 / DPM1 / ALG5 / DAD1 / ALG3 / DPM2 / MGAT5 / DPM3 / ALG14,9,8
hsa006404,hsa00640,Propanoate metabolism,7/436,32/8227,0.001185229,0.015892844,0.014404219,LDHB / ECHS1 / SUCLG1 / DLD / PCCA / ECHDC1 / PCCB,7,8
hsa049327,hsa04932,Non-alcoholic fatty liver disease,18/436,155/8227,0.001366752,0.017530076,0.015888098,NDUFAB1 / COX5A / IRS2 / NDUFB5 / NDUFV2 / SDHB / NDUFA8 / UQCRC2 / SDHD / CYC1 / NDUFS4 / NDUFS3 / NDUFA12 / SDHA / EIF2S1 / NDUFB6 / UQCRC1 / NDUFS1,18,8
hsa030604,hsa03060,Protein export,5/436,23/8227,0.006214596,0.076387737,0.069232775,HSPA5 / SPCS1 / SRP9 / SEC11C / SPCS3,5,8
hsa030407,hsa03040,Spliceosome,16/436,156/8227,0.008364958,0.098706507,0.089461027,HNRNPK / LSM2 / PRPF40A / SNU13 / SNRPC / SNRPA1 / MAGOH / HNRNPM / PUF60 / LSM6 / RBM17 / SF3A1 / SNRNP40 / SNW1 / SF3A3 / CWC15,16,8
hsa004807,hsa00480,Glutathione metabolism,8/436,57/8227,0.009804554,0.111243981,0.100824161,PRDX6 / MGST2 / GSTO1 / GGCT / GPX2 / PGD / SRM / GSS,8,8
hsa041526,hsa04152,AMPK signaling pathway,13/436,121/8227,0.011523461,0.122119614,0.110681113,CCND1 / RAB2A / IRS2 / RAB14 / PPP2R1A / PPP2R2A / FBP1 / RAB8A / G6PC3 / CREB3L1 / PPP2R5A / PPP2R5E / PDPK1,13,8
hsa030137,hsa03013,Nucleocytoplasmic transport,12/436,108/8227,0.011591014,0.122119614,0.110681113,RAN / NXT1 / MAGOH / THOC7 / IPO7 / RAE1 / KPNA6 / SUMO3 / KPNA3 / XPOT / IPO5 / TNPO1,12,8
hsa000624,hsa00062,Fatty acid elongation,5/436,27/8227,0.012529329,0.127453523,0.115515414,HACD3 / ECHS1 / PPT1 / HADH / ACOT7,5,8
hsa000304,hsa00030,Pentose phosphate pathway,5/436,30/8227,0.019425528,0.184855828,0.167541054,TKT / TALDO1 / PGD / PGLS / FBP1,5,8
hsa006305,hsa00630,Glyoxylate and dicarboxylate metabolism,5/436,30/8227,0.019425528,0.184855828,0.167541054,MDH1 / SHMT2 / DLD / PCCA / PCCB,5,8
hsa047286,hsa04728,Dopaminergic synapse,13/436,132/8227,0.022440702,0.206875225,0.187497974,CALM1 / COMT / PPP1CA / GNG5 / PPP2R1A / GNG12 / PPP2R2A / GNAS / GNAI3 / CREB3L1 / PPP2R5A / PPP2R5E / CALM3,13,8
hsa000104,hsa00010,Glycolysis / Gluconeogenesis,8/436,67/8227,0.024503356,0.21427534,0.194204947,LDHB / TPI1 / PDHA1 / ADH5 / DLD / FBP1 / ALDH9A1 / G6PC3,8,8
hsa000716,hsa00071,Fatty acid degradation,6/436,43/8227,0.024696141,0.21427534,0.194204947,ECHS1 / ADH5 / ACSL3 / ALDH9A1 / HADH / ECI2,6,8
hsa030203,hsa03020,RNA polymerase,5/436,34/8227,0.031935334,0.263750567,0.239046009,POLR2C / POLR2K / POLR2G / POLR3K / POLR3GL,5,8
hsa030157,hsa03015,mRNA surveillance pathway,10/436,97/8227,0.03218651,0.263750567,0.239046009,PPP1CA / NXT1 / PPP2R1A / MAGOH / GSPT1 / PPP2R2A / NUDT21 / ETF1 / PPP2R5A / PPP2R5E,10,8
hsa012326,hsa01232,Nucleotide metabolism,9/436,85/8227,0.035326115,0.281654163,0.25527264,DCTPP1 / NT5C3A / DCTD / CANT1 / GMPS / AK3 / ADK / HPRT1 / NTPCR,9,8
hsa051607,hsa05160,Hepatitis C,14/436,157/8227,0.038643168,0.299993014,0.271893758,YWHAB / CCND1 / EIF3E / YWHAE / KRAS / PPP2R1A / CD81 / EIF2S1 / EIF2AK2 / PPP2R2A / CLDN2 / CDK6 / PSME3 / FADD,14,8
hsa002806,hsa00280,"Valine, leucine and isoleucine degradation",6/436,48/8227,0.039908042,0.301868524,0.273593596,ECHS1 / DLD / PCCA / ALDH9A1 / PCCB / HADH,6,8
hsa052163,hsa05216,Thyroid cancer,5/436,37/8227,0.044005301,0.321448229,0.291339341,CCND1 / TFG / KRAS / NCOA4 / CCDC6,5,8
hsa041146,hsa04114,Oocyte meiosis,12/436,131/8227,0.044675856,0.321448229,0.291339341,YWHAB / CALM1 / PPP1CA / YWHAE / PPP2R1A / ANAPC11 / RPS6KA3 / SMC3 / ANAPC13 / PPP2R5A / PPP2R5E / CALM3,12,8
hsa049328,hsa04932,Non-alcoholic fatty liver disease,13/86,155/8227,6.05E-09,1.00E-06,9.13E-07,NDUFA1 / NDUFA13 / DDIT3 / NDUFB1 / UQCRQ / COX5B / COX7B / COX7C / NDUFA2 / NDUFS6 / MAPK14 / COX6C / NDUFA7,13,9
hsa001906,hsa00190,Oxidative phosphorylation,12/86,134/8227,1.16E-08,1.00E-06,9.13E-07,NDUFA1 / NDUFA13 / NDUFB1 / UQCRQ / COX5B / COX17 / COX7B / COX7C / NDUFA2 / NDUFS6 / COX6C / NDUFA7,12,9
hsa050148,hsa05014,Amyotrophic lateral sclerosis,18/86,364/8227,2.68E-08,1.54E-06,1.40E-06,TUBA1B / NDUFA1 / NDUFA13 / DDIT3 / NDUFB1 / UQCRQ / COX5B / COX7B / TPR / COX7C / NDUFA2 / NDUFS6 / TUBB4B / NUP54 / MAPK14 / CASP1 / COX6C / NDUFA7,18,9
hsa050168,hsa05016,Huntington disease,16/86,306/8227,8.30E-08,3.34E-06,3.04E-06,POLR2L / TUBA1B / NDUFA1 / NDUFA13 / NDUFB1 / UQCRQ / COX5B / COX7B / COX7C / NDUFA2 / NDUFS6 / TUBB4B / POLR2I / CREBBP / COX6C / NDUFA7,16,9
hsa047148,hsa04714,Thermogenesis,14/86,232/8227,1.02E-07,3.34E-06,3.04E-06,NDUFA1 / NDUFA13 / NDUFB1 / UQCRQ / COX5B / COX17 / COX7B / COX7C / NDUFA2 / NDUFS6 / SMARCD1 / MAPK14 / COX6C / NDUFA7,14,9
hsa050207,hsa05020,Prion disease,15/86,273/8227,1.16E-07,3.34E-06,3.04E-06,TUBA1B / NDUFA1 / NDUFA13 / DDIT3 / NDUFB1 / UQCRQ / COX5B / COX7B / COX7C / NDUFA2 / NDUFS6 / TUBB4B / MAPK14 / COX6C / NDUFA7,15,9
hsa054158,hsa05415,Diabetic cardiomyopathy,13/86,203/8227,1.53E-07,3.76E-06,3.43E-06,NDUFA1 / NDUFA13 / NDUFB1 / UQCRQ / COX5B / COX7B / COX7C / NDUFA2 / NDUFS6 / MAPK14 / COX6C / NDUFA7 / G6PD,13,9
hsa050128,hsa05012,Parkinson disease,14/86,266/8227,5.47E-07,1.18E-05,1.07E-05,TUBA1B / NDUFA1 / NDUFA13 / DDIT3 / NDUFB1 / UQCRQ / COX5B / COX7B / COX7C / NDUFA2 / NDUFS6 / TUBB4B / COX6C / NDUFA7,14,9
hsa052088,hsa05208,Chemical carcinogenesis - reactive oxygen species,12/86,223/8227,3.05E-06,5.82E-05,5.31E-05,NDUFA1 / NDUFA13 / NDUFB1 / UQCRQ / COX5B / COX7B / COX7C / NDUFA2 / NDUFS6 / MAPK14 / COX6C / NDUFA7,12,9
hsa050108,hsa05010,Alzheimer disease,14/86,384/8227,3.86E-05,0.000664439,0.000605884,TUBA1B / NDUFA1 / NDUFA13 / DDIT3 / NDUFB1 / UQCRQ / COX5B / COX7B / COX7C / NDUFA2 / NDUFS6 / TUBB4B / COX6C / NDUFA7,14,9
hsa050228,hsa05022,Pathways of neurodegeneration - multiple diseases,15/86,476/8227,0.00010561,0.001651355,0.001505825,TUBA1B / NDUFA1 / NDUFA13 / DDIT3 / NDUFB1 / UQCRQ / COX5B / COX7B / COX7C / NDUFA2 / NDUFS6 / TUBB4B / MAPK14 / COX6C / NDUFA7,15,9
hsa042607,hsa04260,Cardiac muscle contraction,6/86,87/8227,0.000280848,0.004025495,0.003670739,UQCRQ / COX5B / COX7B / TPM1 / COX7C / COX6C,6,9
hsa047237,hsa04723,Retrograde endocannabinoid signaling,7/86,148/8227,0.000867424,0.011476681,0.010465272,NDUFA1 / NDUFA13 / NDUFB1 / NDUFA2 / NDUFS6 / MAPK14 / NDUFA7,7,9
hsa041457,hsa04145,Phagosome,7/86,152/8227,0.001014848,0.012468137,0.011369354,SEC61G / TUBA1B / DYNC1H1 / DYNC1I2 / EEA1 / TUBB4B / SEC22B,7,9
hsa051328,hsa05132,Salmonella infection,8/86,249/8227,0.004358781,0.049980691,0.045576028,TUBA1B / MYO6 / DYNC1H1 / DYNC1I2 / TUBB4B / MAPK14 / CASP1 / BIRC2,8,9
hsa030204,hsa03020,RNA polymerase,3/86,34/8227,0.005223696,0.053916612,0.049165087,POLR2L / CRCP / POLR2I,3,9
hsa030138,hsa03013,Nucleocytoplasmic transport,5/86,108/8227,0.005328967,0.053916612,0.049165087,TPR / PHAX / SRRM1 / NUP54 / EIF4A3,5,9
hsa005207,hsa00520,Amino sugar and nucleotide sugar metabolism,3/86,49/8227,0.014377672,0.13738664,0.125279127,GALK1 / UGP2 / CYB5R4,3,9
hsa051347,hsa05134,Legionellosis,3/86,57/8227,0.021515682,0.19477354,0.177608675,CASP1 / HBS1L / SEC22B,3,9
hsa030088,hsa03008,Ribosome biogenesis in eukaryotes,4/86,119/8227,0.035683544,0.306878476,0.279834106,XRN1 / GNL3 / MPHOSPH10 / BMS1,4,9
hsa000525,hsa00052,Galactose metabolism,2/86,31/8227,0.041289448,0.338180238,0.308377329,GALK1 / UGP2,2,9
hsa034104,hsa03410,Base excision repair,2/86,33/8227,0.046261991,0.361684657,0.329810366,NTHL1 / POLD4,2,9
hsa030187,hsa03018,RNA degradation,3/86,79/8227,0.049436279,0.369697392,0.337116961,XRN1 / ZCCHC7 / DHX36,3,9
hsa030109,hsa03010,Ribosome,7/44,167/8227,2.55E-05,0.002523624,0.002523624,RPL4 / RPS7 / RPSA / RPL7 / RPL5 / RPS4Y1 / MRPL11,7,10
hsa051719,hsa05171,Coronavirus disease - COVID-19,6/44,232/8227,0.001356255,0.067134616,0.067134616,RPL4 / RPS7 / RPSA / RPL7 / RPL5 / RPS4Y1,6,10
hsa030504,hsa03050,Proteasome,9/99,46/8227,2.79E-09,4.21E-07,3.79E-07,PSMA4 / PSMA3 / PSMD2 / PSMB9 / PSMD1 / PSMC1 / PSMD12 / PSME1 / PSMC4,9,11
hsa0501210,hsa05012,Parkinson disease,17/99,266/8227,1.41E-08,1.07E-06,9.60E-07,PSMA4 / PSMA3 / COX7A2 / PSMD2 / NDUFB4 / PSMD1 / PSMC1 / UBB / TXN / PSMD12 / CYCS / NDUFS2 / PSMC4 / TUBB / NDUFB8 / NDUFA6 / TUBA1A,17,11
hsa0501610,hsa05016,Huntington disease,17/99,306/8227,1.11E-07,5.61E-06,5.04E-06,PSMA4 / PSMA3 / COX7A2 / PSMD2 / NDUFB4 / PSMD1 / DCTN3 / PSMC1 / PSMD12 / CYCS / NDUFS2 / TGM2 / PSMC4 / TUBB / NDUFB8 / NDUFA6 / TUBA1A,17,11
hsa0501410,hsa05014,Amyotrophic lateral sclerosis,18/99,364/8227,2.61E-07,9.83E-06,8.84E-06,PSMA4 / PSMA3 / COX7A2 / PSMD2 / NDUFB4 / PSMD1 / DCTN3 / PSMC1 / PSMD12 / CYCS / NDUFS2 / SRSF3 / PSMC4 / TUBB / VAPB / NDUFB8 / NDUFA6 / TUBA1A,18,11
hsa050209,hsa05020,Prion disease,15/99,273/8227,7.81E-07,2.36E-05,2.12E-05,PSMA4 / PSMA3 / COX7A2 / PSMD2 / NDUFB4 / PSMD1 / PSMC1 / PSMD12 / CYCS / NDUFS2 / PSMC4 / TUBB / NDUFB8 / NDUFA6 / TUBA1A,15,11
hsa0304010,hsa03040,Spliceosome,11/99,156/8227,2.40E-06,6.04E-05,5.43E-05,SNRPB2 / SNRPG / SLU7 / SRSF3 / LSM3 / BCAS2 / SNRPF / U2SURP / LSM8 / CTNNBL1 / PPIH,11,11
hsa0513210,hsa05132,Salmonella infection,13/99,249/8227,7.97E-06,0.00017194,0.00015462,MYL12B / HSP90AA1 / MYL12A / S100A10 / SKP1 / DCTN3 / TXN / CYCS / RRAS / TUBB / MYL9 / GCC2 / TUBA1A,13,11
hsa0502210,hsa05022,Pathways of neurodegeneration - multiple diseases,18/99,476/8227,1.22E-05,0.000229364,0.00020626,PSMA4 / PSMA3 / COX7A2 / PSMD2 / NDUFB4 / PSMD1 / DCTN3 / PSMC1 / UBB / PSMD12 / CYCS / NDUFS2 / PSMC4 / TUBB / VAPB / NDUFB8 / NDUFA6 / TUBA1A,18,11
hsa0501010,hsa05010,Alzheimer disease,15/99,384/8227,4.90E-05,0.00082239,0.000739549,PSMA4 / PSMA3 / COX7A2 / PSMD2 / NDUFB4 / PSMD1 / PSMC1 / PSMD12 / CYCS / NDUFS2 / PSMC4 / TUBB / NDUFB8 / NDUFA6 / TUBA1A,15,11
hsa001907,hsa00190,Oxidative phosphorylation,8/99,134/8227,0.000198182,0.002992547,0.002691102,COX7A2 / NDUFB4 / ATP6V1E1 / ATP6V0D1 / CYCS / NDUFS2 / NDUFB8 / NDUFA6,8,11
hsa050179,hsa05017,Spinocerebellar ataxia,8/99,143/8227,0.000309276,0.004245519,0.003817859,PSMA4 / PSMA3 / PSMD2 / PSMD1 / PSMC1 / PSMD12 / CYCS / PSMC4,8,11
hsa051319,hsa05131,Shigellosis,9/99,247/8227,0.002820174,0.035487194,0.031912499,MYL12B / MYL12A / SKP1 / UBB / CYCS / RBX1 / MYL9 / RRAGA / CBX3,9,11
hsa000205,hsa00020,Citrate cycle (TCA cycle),3/99,30/8227,0.005422005,0.062978673,0.056634708,PDHB / OGDH / IDH3A,3,11
hsa047105,hsa04710,Circadian rhythm,3/99,34/8227,0.007719219,0.083257294,0.074870623,SKP1 / RBX1 / NR1D2,3,11
hsa049329,hsa04932,Non-alcoholic fatty liver disease,6/99,155/8227,0.010800496,0.108724998,0.097772915,COX7A2 / NDUFB4 / CYCS / NDUFS2 / NDUFB8 / NDUFA6,6,11
hsa041419,hsa04141,Protein processing in endoplasmic reticulum,6/99,171/8227,0.016874046,0.159248805,0.14320736,HSP90AA1 / SKP1 / RBX1 / SAR1B / SEC23B / DNAJC1,6,11
hsa041209,hsa04120,Ubiquitin mediated proteolysis,5/99,142/8227,0.02802851,0.248959117,0.223880977,SKP1 / UBB / RBX1 / TRIP12 / SAE1,5,11
hsa030607,hsa03060,Protein export,2/99,23/8227,0.030776739,0.258182646,0.232175401,SRP14 / SRPRA,2,11
hsa051699,hsa05169,Epstein-Barr virus infection,6/99,202/8227,0.034640302,0.266963439,0.240071688,PSMD2 / PSMD1 / PSMC1 / PSMD12 / CYCS / PSMC4,6,11
hsa0541510,hsa05415,Diabetic cardiomyopathy,6/99,203/8227,0.035359396,0.266963439,0.240071688,COX7A2 / NDUFB4 / PDHB / NDUFS2 / NDUFB8 / NDUFA6,6,11
hsa049664,hsa04966,Collecting duct acid secretion,2/99,27/8227,0.041398282,0.297673361,0.26768814,ATP6V1E1 / ATP6V0D1,2,11
hsa046708,hsa04670,Leukocyte transendothelial migration,4/99,114/8227,0.048288453,0.33143438,0.298048344,MYL12B / MYL12A / MYL9 / SIPA1,4,11
hsa001908,hsa00190,Oxidative phosphorylation,16/99,134/8227,3.57E-12,7.14E-10,6.72E-10,ATP5F1D / ATP5F1E / ATP5MC1 / ATP5MC3 / ATP5MC2 / ATP5MG / NDUFB11 / NDUFC1 / ATP5MF / ATP5PF / ATP5F1C / ATP5PB / ATP5PD / ATP5F1A / NDUFA5 / ATP5PO,16,12
hsa0520811,hsa05208,Chemical carcinogenesis - reactive oxygen species,19/99,223/8227,1.24E-11,1.24E-09,1.17E-09,ATP5F1D / ATP5F1E / CYBA / ATP5MC1 / ATP5MC3 / ATP5MC2 / NDUFB11 / NDUFC1 / MAP2K2 / ATP5PF / FOS / ATP5F1C / PRKCD / ATP5PB / ATP5PD / GSTO2 / ATP5F1A / NDUFA5 / ATP5PO,19,12
hsa0471410,hsa04714,Thermogenesis,18/99,232/8227,2.18E-10,1.07E-08,1.01E-08,ATP5F1D / ATP5F1E / ATP5MC1 / ATP5MC3 / ATP5MC2 / NDUFAF8 / NDUFAF3 / ATP5MG / NDUFB11 / NDUFC1 / ATP5MF / ATP5PF / ATP5F1C / ATP5PB / ATP5PD / ATP5F1A / NDUFA5 / ATP5PO,18,12
hsa0541511,hsa05415,Diabetic cardiomyopathy,17/99,203/8227,2.22E-10,1.07E-08,1.01E-08,ATP5F1D / ATP5F1E / CYBA / ATP5MC1 / ATP5MC3 / ATP5MC2 / NDUFB11 / NDUFC1 / ATP5PF / ATP5F1C / GSR / PRKCD / ATP5PB / ATP5PD / ATP5F1A / NDUFA5 / ATP5PO,17,12
hsa0501211,hsa05012,Parkinson disease,19/99,266/8227,2.67E-10,1.07E-08,1.01E-08,ATP5F1D / ATP5F1E / ATP5MC1 / ATP5MC3 / MAOA / ATP5MC2 / NDUFB11 / NDUFC1 / ATP5PF / ATP5F1C / UBE2G2 / RPS27A / ATP5PB / SEM1 / ATP5PD / PSMA6 / ATP5F1A / NDUFA5 / ATP5PO,19,12
hsa0502010,hsa05020,Prion disease,19/99,273/8227,4.17E-10,1.39E-08,1.31E-08,ATP5F1D / ATP5F1E / CYBA / ATP5MC1 / HSPA1B / ATP5MC3 / ATP5MC2 / NDUFB11 / NDUFC1 / ATP5PF / ATP5F1C / PRKCD / ATP5PB / SEM1 / ATP5PD / PSMA6 / ATP5F1A / NDUFA5 / ATP5PO,19,12
hsa0501611,hsa05016,Huntington disease,18/99,306/8227,1.85E-08,5.27E-07,4.97E-07,ATP5F1D / ATP5F1E / ATP5MC1 / ATP5MC3 / ATP5MC2 / NDUFB11 / NDUFC1 / ULK1 / ATP5PF / ATP5F1C / AP2S1 / ATP5PB / SEM1 / ATP5PD / PSMA6 / ATP5F1A / NDUFA5 / ATP5PO,18,12
hsa0502211,hsa05022,Pathways of neurodegeneration - multiple diseases,21/99,476/8227,1.56E-07,3.90E-06,3.67E-06,ATP5F1D / ATP5F1E / ATP5MC1 / ATP5MC3 / ATP5MC2 / NDUFB11 / NDUFC1 / ULK1 / MAP2K2 / MAP2K6 / ATP5PF / ATP5F1C / UBE2G2 / RPS27A / ATP5PB / SEM1 / ATP5PD / PSMA6 / ATP5F1A / NDUFA5 / ATP5PO,21,12
hsa0501411,hsa05014,Amyotrophic lateral sclerosis,18/99,364/8227,2.61E-07,5.79E-06,5.45E-06,ATP5F1D / ATP5F1E / ATP5MC1 / ATP5MC3 / ATP5MC2 / NDUFB11 / NDUFC1 / ULK1 / MAP2K6 / ATP5PF / ATP5F1C / ATP5PB / SEM1 / ATP5PD / PSMA6 / ATP5F1A / NDUFA5 / ATP5PO,18,12
hsa0501011,hsa05010,Alzheimer disease,18/99,384/8227,5.75E-07,1.15E-05,1.08E-05,ATP5F1D / ATP5F1E / ATP5MC1 / ATP5MC3 / ATP5MC2 / NDUFB11 / NDUFC1 / ULK1 / MAP2K2 / ATP5PF / ATP5F1C / ATP5PB / SEM1 / ATP5PD / PSMA6 / ATP5F1A / NDUFA5 / ATP5PO,18,12
hsa030505,hsa03050,Proteasome,3/99,46/8227,0.017656135,0.311642523,0.293600061,PSMB10 / SEM1 / PSMA6,3,12
hsa034208,hsa03420,Nucleotide excision repair,3/99,47/8227,0.018698551,0.311642523,0.293600061,POLE3 / PCNA / ERCC1,3,12
hsa0412010,hsa04120,Ubiquitin mediated proteolysis,5/99,142/8227,0.02802851,0.402295448,0.379004659,ELOB / ELOC / UBE2G2 / RPS27A / KLHL9,5,12
hsa003403,hsa00340,Histidine metabolism,2/99,22/8227,0.028319063,0.402295448,0.379004659,MAOA / CARNMT1,2,12
hsa015229,hsa01522,Endocrine resistance,4/99,98/8227,0.030172159,0.402295448,0.379004659,MAP2K2 / FOS / CDKN1B / CARM1,4,12
hsa049786,hsa04978,Mineral absorption,3/99,60/8227,0.035305231,0.414980084,0.390954921,FTL / MT1F / MT1M,3,12
hsa0462510,hsa04625,C-type lectin receptor signaling pathway,4/99,104/8227,0.036391316,0.414980084,0.390954921,PYCARD / EGR3 / PRKCD / IRF1,4,12
hsa0406611,hsa04066,HIF-1 signaling pathway,4/99,109/8227,0.042100011,0.414980084,0.390954921,ELOB / MAP2K2 / ELOC / CDKN1B,4,12
hsa0517010,hsa05170,Human immunodeficiency virus 1 infection,6/99,212/8227,0.042267976,0.414980084,0.390954921,ELOB / MAP2K2 / MAP2K6 / FOS / ELOC / AP1G1,6,12
hsa0541710,hsa05417,Lipid and atherosclerosis,6/99,215/8227,0.044747974,0.414980084,0.390954921,CYBA / HSPA1B / PYCARD / MAP2K6 / FOS / RXRB,6,12
hsa0516110,hsa05161,Hepatitis B,5/99,162/8227,0.045412226,0.414980084,0.390954921,EGR3 / MAP2K2 / MAP2K6 / FOS / PCNA,5,12
